w	ri
1027.572998	0.002021
1027.327759	-0.000313
1027.082642	-0.000818
1026.837402	0.001131
1026.592285	-0.000578
1026.347046	0.001107
1026.101929	-0.00089
1025.856689	-0.002214
1025.611572	0.000698
1025.366455	0.001612
1025.121338	-0.002238
1024.876221	-0.001781
1024.631104	-0.000361
1024.385864	0.00012
1024.140747	0.001203
1023.895691	0.001179
1023.650574	0.000409
1023.405518	-0.00089
1023.1604	0.000072
1022.915344	0.000144
1022.670227	0.002141
1022.425171	-0.001829
1022.180115	0.001083
1021.935059	-0.001636
1021.690002	-0.000193
1021.444946	0
1021.19989	0.001227
1020.954834	-0.001444
1020.709778	0.001636
1020.464783	-0.001107
1020.219788	0.001444
1019.974731	-0.001973
1019.729736	-0.000601
1019.484741	0.00166
1019.239746	0.000553
1018.994751	0.001347
1018.749756	0.000866
1018.504761	-0.001251
1018.259827	0.001058
1018.014832	-0.000818
1017.769897	0.000433
1017.524963	-0.000626
1017.279968	0.001083
1017.035034	0.000962
1016.7901	-0.000048
1016.545166	0.000505
1016.300232	0.001323
1016.055359	-0.000505
1015.810425	0.001492
1015.565552	0.000192
1015.320618	0.000505
1015.075745	-0.000914
1014.830872	0.002526
1014.585938	0.000096
1014.341064	0.001708
1014.096191	-0.00077
1013.851379	0.000096
1013.606506	-0.000698
1013.361633	0.000553
1013.116821	-0.000986
1012.871948	-0.001251
1012.627136	-0.001877
1012.382324	0.00178
1012.137512	0.000553
1011.8927	0.001107
1011.647888	-0.000818
1011.403076	0.000529
1011.158264	-0.00089
1010.913513	-0.001155
1010.668701	0.001732
1010.42395	0.001636
1010.179138	-0.000313
1009.934387	0.000505
1009.689636	-0.000241
1009.444885	-0.001107
1009.200134	0.000337
1008.955383	0.00101
1008.710632	-0.000602
1008.465942	0.001492
1008.221191	-0.00255
1007.976501	0.000241
1007.731812	0
1007.487061	0.000265
1007.242371	0.000698
1006.997681	0.001275
1006.752991	-0.001371
1006.508362	0.000602
1006.263672	-0.000265
1006.018982	0.000217
1005.774353	0.001155
1005.529663	0.001949
1005.285034	0.001131
1005.040405	0.00243
1004.795776	0.000361
1004.551147	-0.000457
1004.306519	-0.002935
1004.06189	0.000168
1003.817261	0.000361
1003.572693	-0.001107
1003.328064	0.000144
1003.083496	-0.001564
1002.838928	0.000433
1002.59436	0.001227
1002.349731	0.001035
1002.105225	-0.002045
1001.860657	0.000963
1001.616089	0.000265
1001.371521	0.000746
1001.127014	-0.00012
1000.882446	-0.000024
1000.637939	-0.00012
1000.393433	0.000313
1000.148865	0.000626
999.904358	0.001347
999.659851	0.000072
999.415405	0.000529
999.170898	0.000794
998.926392	0.000986
998.681946	0.000072
998.437439	0.000674
998.192993	0.002767
997.948547	0.001371
997.704102	0.000601
997.459656	0.002719
997.215210	0.001034
996.970764	0.000385
996.726318	0.000505
996.481934	0.000553
996.237488	0.000144
995.993103	0.00154
995.748657	0.001203
995.504272	0.000265
995.259888	0.000096
995.015503	0.001155
994.771118	0.00089
994.526794	0.000433
994.282410	0.001179
994.038025	0.00065
993.793701	0.001179
993.549377	0.00077
993.304993	0.00012
993.060669	0.000289
992.816345	0.000024
992.572022	0.001131
992.327698	0.002935
992.083435	0.000505
991.839111	0.001275
991.594849	0.000072
991.350525	0.000601
991.106262	0.001227
990.862000	0.000048
990.617737	0.00065
990.373474	0.000289
990.129211	0.001107
989.884949	0.000554
989.640686	0.000048
989.396484	0.000626
989.152222	0.000241
988.908020	0.000794
988.663818	0.000794
988.419556	0.001949
988.175354	0.00089
987.931152	0.000265
987.687012	0.000602
987.442810	0.000674
987.198608	0.000216
986.954468	0.000217
986.710266	0.001107
986.466125	0.001083
986.221985	0.001059
985.977844	0.001684
985.733704	0.00012
985.489563	0.00077
985.245422	0.000457
985.001282	0.000794
984.757202	0.001227
984.513062	0.002887
984.268982	0.001395
984.024902	0.000914
983.780823	0.001155
983.536743	0.001371
983.292664	0.000602
983.048584	0.000072
982.804504	0.000818
982.560486	0.000145
982.316406	0.000144
982.072388	0.000818
981.828308	0.001516
981.584290	0.002574
981.340271	0.001323
981.096252	0.001468
980.852234	0.000337
980.608276	0.000096
980.364258	0.000145
980.120239	0.001059
979.876282	0
979.632324	0.000024
979.388306	0.000385
979.144348	0.0032
978.900391	0.000746
978.656433	0.000674
978.412537	0.00089
978.168579	0.000217
977.924622	0.000361
977.680725	0.002045
977.436829	0.001227
977.192871	0.001564
976.948975	0.000481
976.705078	0.002334
976.461182	0.001684
976.217285	0.003176
975.973450	0
975.729553	0.00142
975.485718	0.000842
975.241821	0.000024
974.997986	0.001853
974.754150	0.000096
974.510315	0.000048
974.266479	0.00142
974.022644	0.000505
973.778809	0.000986
973.534973	0.000217
973.291199	0.001901
973.047424	0.001853
972.803589	0.000457
972.559815	0.003441
972.316040	0.001107
972.072266	0.000144
971.828491	0.001588
971.584717	0.001828
971.341003	0.002791
971.097229	0.001299
970.853516	0.00142
970.609741	0.00012
970.366028	0.000337
970.122315	0.000072
969.878601	0.000505
969.634888	0.001371
969.391174	0.001492
969.147522	0.000674
968.903809	0.000265
968.660156	0.000409
968.416443	0.001444
968.172791	0.000481
967.929138	0.001612
967.685486	0.001034
967.441834	0.000601
967.198181	0.000072
966.954590	0.001371
966.710938	0.000554
966.467346	0.001395
966.223694	0.000457
965.980103	0.001997
965.736511	0.000529
965.492920	0.000553
965.249329	0.002334
965.005737	0.000337
964.762146	0.001107
964.518616	0.00012
964.275024	0.000722
964.031494	0.000746
963.787964	0.00089
963.544434	0.001684
963.300903	0.000818
963.057373	0.00077
962.813843	0.002502
962.570312	0.000433
962.326843	0.001251
962.083313	0.000217
961.839844	0.000193
961.596313	0.000072
961.352844	0.000794
961.109375	0.000361
960.865906	0.000601
960.622437	0.002551
960.379028	0.000602
960.135559	0.00012
959.892151	0.001131
959.648682	0.000145
959.405273	0.001468
959.161865	0.001636
958.918457	0.000265
958.675049	0.001395
958.431641	0.001588
958.188232	0.002021
957.944885	0.000529
957.701477	0.00012
957.458130	0.002069
957.214783	0.001949
956.971435	0.000529
956.728088	0.001492
956.484741	0.002695
956.241394	0.000601
955.998047	0.000361
955.754761	0.00024
955.511414	0.001395
955.268127	0.000457
955.024841	0.002695
954.781494	0
954.538208	0.000746
954.294983	0.001083
954.051697	0.00166
953.808411	0.000481
953.565125	0.002358
953.321899	0.001756
953.078674	0.000914
952.835388	0.000794
952.592163	0.000914
952.348938	0.000409
952.105713	0.000842
951.862549	0.003224
951.619324	0.00077
951.376099	0.000361
951.132935	0.000914
950.889771	0.000048
950.646545	0.000265
950.403381	0.000144
950.160217	0.001347
949.917053	0.000409
949.673950	0.000914
949.430786	0.000602
949.187683	0.000818
948.944519	0.000409
948.701416	0.001853
948.458313	0.000313
948.215210	0.00077
947.972107	0.001395
947.729004	0.001468
947.485901	0
947.242798	0.000048
946.999756	0.000457
946.756653	0.001468
946.513611	0.000024
946.270569	0.000626
946.027527	0.002334
945.784485	0.001323
945.541443	0.000794
945.298401	0.002262
945.055420	0.001925
944.812378	0.000048
944.569397	0.001275
944.326416	0.001059
944.083435	0.000289
943.840454	0.000265
943.597473	0.000746
943.354492	0.001227
943.111511	0.000072
942.868591	0.002045
942.625610	0.000433
942.382690	0.001708
942.139771	0.001323
941.896790	0.000168
941.653931	0.000577
941.411011	0.000962
941.168091	0.001059
940.925171	0.000385
940.682312	0.000914
940.439392	0.000722
940.196533	0.002021
939.953674	0.001347
939.710815	0
939.467957	0.001997
939.225098	0.00012
938.982239	0.00065
938.739441	0.000866
938.496582	0.001901
938.253784	0.001781
938.010925	0.000529
937.768127	0.001035
937.525330	0.000024
937.282532	0.001227
937.039795	0.002045
936.796997	0.001588
936.554199	0.00154
936.311462	0.000529
936.068726	0.001035
935.825928	0.002358
935.583191	0.000313
935.340454	0.000024
935.097717	0
934.855041	0.000553
934.612305	0.001347
934.369568	0.000072
934.126892	0.001901
933.884216	0.002334
933.641541	0
933.398865	0.000313
933.156189	0.000746
932.913513	0.002069
932.670837	0.001155
932.428223	0.000698
932.185547	0.000193
931.942932	0.001203
931.700256	0.003296
931.457642	0.000987
931.215027	0.000072
930.972473	0.000168
930.729858	0.000216
930.487244	0.002646
930.244690	0.001347
930.002075	0.000601
929.759522	0.000818
929.516968	0.000674
929.274414	0.000337
929.031860	0.000457
928.789307	0.001323
928.546753	0.00142
928.304260	0.000505
928.061707	0.001588
927.819214	0.000096
927.576721	0.000938
927.334168	0.000313
927.091675	0.000794
926.849243	0.000217
926.606750	0.001203
926.364258	0.000602
926.121826	0.000385
925.879334	0.00065
925.636902	0.000337
925.394470	0.000024
925.152039	0.000818
924.909607	0.001612
924.667175	0.001949
924.424744	0.00255
924.182373	0.000577
923.939941	0.000409
923.697571	0.000722
923.455200	0.000505
923.212830	0.000505
922.970459	0.000433
922.728088	0.001227
922.485718	0.001035
922.243347	0.001035
922.001038	0.001395
921.758667	0.00012
921.516357	0.002069
921.274048	0.000602
921.031738	0.001564
920.789429	0.001323
920.547119	0.000938
920.304871	0.002478
920.062561	0.001781
919.820312	0.000241
919.578003	0.000096
919.335754	0.000914
919.093506	0.000193
918.851257	0.002478
918.609009	0.000217
918.366821	0.000842
918.124573	0.00065
917.882385	0.000938
917.640137	0.000481
917.397949	0.000505
917.155762	0
916.913574	0.000698
916.671387	0.000601
916.429199	0.001564
916.187073	0.00154
915.944885	0.000024
915.702759	0.001347
915.460571	0.000481
915.218445	0.00065
914.976318	0.000313
914.734192	0.000192
914.492127	0.001155
914.250000	0.000048
914.007873	0.000529
913.765808	0.000818
913.523743	0.000818
913.281616	0.001732
913.039551	0.00077
912.797485	0.000169
912.555481	0.000722
912.313416	0.000024
912.071350	0.002912
911.829346	0.000313
911.587341	0.001371
911.345276	0.001516
911.103272	0.000265
910.861267	0.000553
910.619263	0.000337
910.377319	0.001227
910.135315	0.001179
909.893372	0.000601
909.651367	0.000481
909.409424	0.001131
909.167481	0.000962
908.925537	0.001323
908.683594	0.000217
908.441650	0.00154
908.199768	0.000602
907.957825	0.00154
907.715942	0.000457
907.473999	0.001347
907.232117	0.000529
906.990234	0.002189
906.748352	0.000674
906.506531	0.00012
906.264648	0.001107
906.022766	0.000625
905.780945	0.002286
905.539123	0.00154
905.297302	0.000553
905.055481	0.000938
904.813660	0.001636
904.571838	0.000674
904.330017	0.002815
904.088257	0.000072
903.846435	0.00077
903.604675	0.000121
903.362915	0.000337
903.121155	0.000505
902.879394	0.000601
902.637634	0.000626
902.395874	0.001035
902.154175	0.000217
901.912415	0.000962
901.670715	0.001636
901.429016	0.002214
901.187317	0.000626
900.945618	0.00012
900.703918	0.00101
900.462219	0.000192
900.220581	0.001227
899.978882	0.000794
899.737244	0.000217
899.495606	0.002598
899.253967	0.000048
899.012329	0.000842
898.770691	0.000361
898.529053	0.000193
898.287415	0.00012
898.045837	0.001203
897.804260	0.001492
897.562622	0.001372
897.321045	0.000457
897.079468	0.001035
896.837952	0.000385
896.596375	0.000746
896.354797	0.00012
896.113281	0.00154
895.871704	0.000529
895.630188	0.00012
895.388672	0.000529
895.147156	0.000241
894.905640	0.000192
894.664185	0.000818
894.422668	0.000072
894.181213	0.001083
893.939697	0.000168
893.698242	0.001997
893.456787	0.000024
893.215332	0.00154
892.973877	0.002262
892.732422	0.001155
892.491028	0.00012
892.249573	0.001035
892.008179	0.001612
891.766785	0.000866
891.525391	0.000168
891.283997	0.000048
891.042603	0.000361
890.801209	0.000337
890.559875	0.000096
890.318481	0.001371
890.077148	0.000385
889.835815	0.000578
889.594482	0.001083
889.353149	0.00012
889.111816	0
888.870483	0.000577
888.629150	0.001708
888.387878	0.000048
888.146606	0.000818
887.905334	0.000529
887.664002	0.000626
887.422791	0.002069
887.181519	0.001829
886.940247	0.000241
886.698975	0.001444
886.457764	0.000842
886.216553	0.000746
885.975281	0.000313
885.734070	0.000024
885.492859	0.003369
885.251709	0.000481
885.010498	0.000385
884.769287	0.000986
884.528137	0.001636
884.286987	0.001083
884.045837	0.001588
883.804688	0.002502
883.563538	0.000505
883.322388	0.001468
883.081238	0.001516
882.840149	0.000216
882.598999	0.002238
882.357910	0.000626
882.116821	0.000048
881.875732	0.000144
881.634644	0.000505
881.393555	0.001492
881.152466	0.001035
880.911438	0.00012
880.670410	0.000866
880.429321	0.001684
880.188293	0.001347
879.947266	0.00077
879.706238	0.000457
879.465271	0.001083
879.224243	0.000144
878.983215	0.002045
878.742248	0.002334
878.501282	0.001275
878.260315	0
878.019348	0.000385
877.778381	0.000505
877.537415	0.00243
877.296509	0.000048
877.055542	0.000962
876.814636	0.000313
876.573731	0.001371
876.332825	0.000938
876.091919	0.000625
875.851013	0.000217
875.610107	0.000746
875.369263	0.00065
875.128357	0.000096
874.887512	0.000986
874.646668	0.000457
874.405823	0.000265
874.164978	0.000481
873.924133	0.001371
873.683289	0.000313
873.442505	0.000144
873.201660	0.000505
872.960877	0.001949
872.720093	0.00077
872.479309	0.000505
872.238525	0.000554
871.997742	0.001323
871.757019	0.001347
871.516235	0.00231
871.275513	0.000433
871.034790	0.000337
870.794006	0.002238
870.553284	0.000289
870.312622	0.00065
870.071899	0.000505
869.831177	0.000361
869.590515	0.001348
869.349853	0.001804
869.109131	0.000602
868.868469	0.000409
868.627808	0.001107
868.387207	0.001155
868.146545	0.000072
867.905884	0.000962
867.665283	0.000986
867.424683	0.000168
867.184082	0.003705
866.943481	0.000842
866.702881	0.001877
866.462280	0.000048
866.221680	0.000626
865.981140	0.00267
865.740540	0.000866
865.500000	0.00012
865.259460	0.000649
865.018921	0.002069
864.778381	0.000241
864.537903	0.002214
864.297363	0.000433
864.056885	0.000193
863.816345	0.000265
863.575867	0.000409
863.335388	0.002502
863.094910	0.000601
862.854431	0.001034
862.614014	0.001588
862.373535	0.000818
862.133118	0.000313
861.892639	0.000866
861.652222	0.001468
861.411804	0.001227
861.171448	0.001804
860.931030	0.001492
860.690613	0.001396
860.450256	0.000361
860.209839	0.000553
859.969482	0.000433
859.729126	0.000313
859.488769	0.00012
859.248413	0.000505
859.008118	0.000457
858.767761	0.000096
858.527466	0.000361
858.287109	0.002598
858.046814	0.000385
857.806519	0.00166
857.566223	0.001155
857.325989	0.001251
857.085693	0.001275
856.845459	0.000168
856.605164	0.001588
856.364929	0.000938
856.124695	0.000601
855.884460	0.000866
855.644226	0.000963
855.403992	0.000192
855.163818	0.000457
854.923645	0.001925
854.683411	0.000168
854.443237	0.000024
854.203064	0.000938
853.962891	0.000481
853.722717	0.000722
853.482605	0.000938
853.242432	0.001227
853.002319	0.001179
852.762207	0.000505
852.522095	0.000554
852.281982	0.000313
852.041870	0.001059
851.801758	0.001011
851.561707	0.000216
851.321594	0.000746
851.081543	0.000168
850.841492	0.001059
850.601440	0.000698
850.361389	0.000024
850.121338	0.000914
849.881348	0.000986
849.641296	0.00154
849.401306	0.001083
849.161316	0.00154
848.921326	0.000361
848.681335	0.000096
848.441345	0.000048
848.201355	0.002286
847.961426	0.001227
847.721435	0.001371
847.481506	0.001781
847.241577	0.001179
847.001648	0.00012
846.761719	0.001299
846.521790	0.001083
846.281921	0.00065
846.041992	0.000337
845.802124	0.000048
845.562256	0.001011
845.322388	0.001925
845.082519	0.002502
844.842651	0.000866
844.602783	0.000385
844.362976	0.000192
844.123169	0.000048
843.883301	0.0032
843.643494	0.000674
843.403687	0.001516
843.163879	0.000962
842.924133	0.001059
842.684326	0.002599
842.444580	0.001468
842.204834	0.000481
841.965027	0.001323
841.725281	0.000962
841.485596	0.000409
841.245850	0.000241
841.006103	0.00077
840.766418	0.001323
840.526672	0.00077
840.286987	0.001011
840.047302	0.000938
839.807617	0.00166
839.567932	0.000529
839.328308	0.00089
839.088623	0.001612
838.848999	0.000409
838.609375	0.000481
838.369751	0.000938
838.130127	0.000361
837.890503	0.000433
837.650879	0.001395
837.411316	0.000698
837.171692	0.001275
836.932129	0.000048
836.692566	0.000072
836.453003	0.000409
836.213440	0.000433
835.973877	0.002069
835.734375	0.000144
835.494812	0.000601
835.255310	0.001444
835.015808	0.000698
834.776306	0.000457
834.536804	0.001444
834.297302	0.001925
834.057800	0.00089
833.818359	0.000024
833.578857	0.000601
833.339416	0.000096
833.099976	0.000842
832.860535	0.001732
832.621094	0.000337
832.381714	0.001059
832.142273	0.000842
831.902893	0.000649
831.663513	0.000938
831.424072	0.000746
831.184692	0.000217
830.945373	0.001275
830.705994	0.000192
830.466614	0.00065
830.227295	0.001035
829.987976	0.001468
829.748657	0.000361
829.509338	0.000289
829.270019	0.002599
829.030701	0.000433
828.791382	0.000024
828.552124	0.001227
828.312866	0.000024
828.073547	0.000241
827.834290	0.000433
827.595093	0.002382
827.355835	0.000529
827.116577	0.000313
826.877380	0.000433
826.638123	0.000313
826.398926	0.00065
826.159729	0.000217
825.920532	0.000649
825.681335	0.001347
825.442200	0.00065
825.203003	0.001684
824.963867	0.001203
824.724731	0.001251
824.485596	0.000938
824.246460	0.002623
824.007324	0.000337
823.768188	0.001612
823.529114	0.000385
823.289978	0.000602
823.050903	0.00053
822.811829	0.001973
822.572754	0.001251
822.333679	0.000337
822.094666	0.000265
821.855591	0.001732
821.616577	0.000529
821.377502	0.001251
821.138489	0.001083
820.899475	0.000938
820.660461	0.000433
820.421509	0
820.182495	0.000385
819.943543	0.000529
819.704529	0.001636
819.465576	0.001348
819.226623	0.000746
818.987671	0.00231
818.748779	0.000048
818.509827	0.00065
818.270935	0.002021
818.031982	0.001564
817.793091	0.000914
817.554199	0.00154
817.315308	0.001516
817.076477	0.000048
816.837585	0.000866
816.598755	0.000602
816.359863	0.002574
816.121033	0.00024
815.882202	0.00178
815.643372	0.000288
815.404602	0.002358
815.165772	0.000337
814.927002	0.001227
814.688171	0.000096
814.449402	0.001901
814.210632	0.000048
813.971863	0.000289
813.733093	0.000818
813.494385	0.001468
813.255615	0.000794
813.016907	0.001059
812.778198	0.000048
812.539490	0.000505
812.300781	0.001444
812.062073	0.000433
811.823425	0.000313
811.584717	0.002093
811.346069	0.001516
811.107422	0.000746
810.868774	0.00012
810.630127	0.000024
810.391479	0.001131
810.152832	0.000265
809.914246	0.002045
809.675659	0.000481
809.437012	0.000529
809.198425	0.002334
808.959839	0.000409
808.721313	0.000529
808.482727	0.001925
808.244202	0.001492
808.005615	0.001829
807.767090	0.000505
807.528565	0.001636
807.290039	0.000096
807.051575	0.001684
806.813049	0.00142
806.574524	0.000674
806.336060	0.001083
806.097595	0.00154
805.859131	0.000168
805.620666	0.000289
805.382202	0.000818
805.143799	0.001203
804.905334	0.000457
804.666931	0
804.428528	0.000409
804.190125	0.000577
803.951721	0.000818
803.713318	0.000481
803.474976	0.002815
803.236572	0.002262
802.998230	0.000481
802.759888	0.002334
802.521545	0.000193
802.283203	0.00012
802.044861	0.000481
801.806580	0.001131
801.568237	0.001444
801.329956	0.00178
801.091675	0.000265
800.853394	0.000217
800.615112	0.001372
800.376831	0.00012
800.138611	0.000433
799.900330	0.000457
799.662109	0.00142
799.423889	0.000313
799.185669	0.000866
798.947449	0.000144
798.709228	0.000866
798.471069	0.001852
798.232849	0.001684
797.994690	0.000193
797.756531	0.002069
797.518372	0.000096
797.280212	0.001395
797.042053	0.001516
796.803955	0.002935
796.565796	0.002141
796.327698	0.000938
796.089600	0.00012
795.851502	0.001107
795.613403	0.000264
795.375366	0.003777
795.137268	0.001732
794.899231	0.001299
794.661194	0.000938
794.423157	0.001275
794.185120	0.001853
793.947082	0.000625
793.709045	0.00077
793.471069	0.000553
793.233032	0.000024
792.995056	0.000746
792.757080	0.000673
792.519104	0.000529
792.281128	0.000602
792.043213	0.000842
791.805237	0.000722
791.567322	0.002238
791.329407	0.001805
791.091492	0.000144
790.853577	0.001636
790.615662	0.000938
790.377808	0.001877
790.139893	0.00101
789.902039	0.001035
789.664185	0.001997
789.426331	0.000337
789.188477	0.000313
788.950623	0.000794
788.712830	0.003657
788.474976	0.00089
788.237183	0.001804
787.999390	0.001347
787.761597	0.001949
787.523804	0.000192
787.286072	0.002983
787.048279	0.00255
786.810547	0.001131
786.572754	0.002671
786.335022	0.001443
786.097290	0.001083
785.859619	0.001949
785.621887	0.003801
785.384216	0.005822
785.146484	0.002237
784.908813	0.002791
784.671143	0.004066
784.433472	0.006352
784.195801	0.008781
783.958191	0.018212
783.720520	0.028292
783.482910	0.038902
783.245300	0.050401
783.007690	0.054299
782.770081	0.061299
782.532471	0.066929
782.294922	0.069719
782.057312	0.082374
781.819763	0.094788
781.582214	0.102559
781.344666	0.120121
781.107117	0.143265
780.869629	0.166336
780.632080	0.202615
780.394592	0.257731
780.157043	0.330651
779.919556	0.366064
779.682129	0.323746
779.444641	0.219407
779.207153	0.115093
778.969727	0.050208
778.732239	0.025068
778.494812	0.012029
778.257385	0.004017
778.019959	0.001949
777.782593	0.005558
777.545166	0.000577
777.307800	0.003103
777.070373	0.000602
776.833008	0.001419
776.595642	0.001299
776.358276	0.002045
776.120972	0.001155
775.883606	0.002647
775.646301	0.000746
775.408997	0.000385
775.171692	0.000192
774.934387	0.001155
774.697082	0.001901
774.459778	0.000794
774.222534	0.000144
773.985229	0.000794
773.747986	0.000024
773.510742	0.000529
773.273498	0.000072
773.036316	0.000577
772.799072	0.000457
772.561890	0.001997
772.324646	0.001034
772.087463	0.002695
771.850281	0.000193
771.613159	0.003729
771.375977	0.000337
771.138794	0.002478
770.901672	0.001179
770.664551	0.001804
770.427429	0.000818
770.190308	0.001876
769.953186	0.000048
769.716065	0.001588
769.479004	0.001925
769.241943	0.002983
769.004883	0.002237
768.767822	0.000385
768.530762	0.001708
768.293701	0.002358
768.056641	0.001347
767.819641	0.001395
767.582642	0.001492
767.345642	0.002238
767.108643	0.001395
766.871643	0.002959
766.634644	0.000746
766.397705	0.002791
766.160767	0.000216
765.923767	0.000168
765.686829	0.003633
765.449951	0.002117
765.213013	0.000409
764.976074	0.002117
764.739197	0.002598
764.502319	0.005173
764.265442	0.003585
764.028565	0.004403
763.791687	0.005293
763.554810	0.005461
763.317993	0.005581
763.081116	0.006736
762.844299	0.004836
762.607483	0.00688
762.370666	0.005509
762.133850	0.007049
761.897095	0.007265
761.660278	0.010754
761.423523	0.018837
761.186768	0.031516
760.950012	0.045181
760.713257	0.063272
760.476562	0.076552
760.239807	0.088701
760.003113	0.095702
759.766418	0.106889
759.529663	0.120289
759.293030	0.138549
759.056335	0.155702
758.819641	0.177042
758.583008	0.213297
758.346375	0.273682
758.109680	0.351942
757.873047	0.455294
757.636475	0.535166
757.399841	0.321461
757.163208	0.160851
756.926636	0.063753
756.690063	0.02656
756.453491	0.01903
756.216919	0.014074
755.980347	0.009767
755.743835	0.00676
755.507263	0.006447
755.270752	0.001804
755.034241	0.001467
754.797729	0.001323
754.561218	0.002021
754.324707	0.002719
754.088257	0.000409
753.851807	0.000529
753.615295	0
753.378845	0.000602
753.142395	0.00178
752.906006	0.001516
752.669556	0.000914
752.433166	0.003176
752.196777	0.000072
751.960327	0.001756
751.723938	0.002165
751.487610	0.003031
751.251221	0.000024
751.014893	0.00089
750.778503	0.00166
750.542175	0.000625
750.305847	0.001347
750.069519	0.000963
749.833191	0.00077
749.596924	0.00255
749.360657	0.000169
749.124329	0.002887
748.888062	0.00077
748.651794	0
748.415527	0.000962
748.179321	0.001949
747.943054	0.00012
747.706848	0.000601
747.470642	0.000168
747.234436	0.001323
746.998230	0.000529
746.762024	0.000602
746.525879	0.000289
746.289734	0.002213
746.053528	0.000818
745.817383	0.000649
745.581238	0.001035
745.345154	0.001323
745.109009	0.000722
744.872925	0.000168
744.636780	0.001251
744.400696	0.001997
744.164612	0.000986
743.928589	0.000072
743.692505	0.000265
743.456421	0.001395
743.220398	0.001251
742.984375	0.000144
742.748352	0.000457
742.512329	0.000529
742.276306	0.000048
742.040344	0.000313
741.804321	0.000072
741.568359	0.001275
741.332397	0.000217
741.096435	0.001251
740.860474	0
740.624573	0.001636
740.388611	0.000217
740.152710	0.002021
739.916809	0.000217
739.680908	0.001203
739.445007	0.00077
739.209168	0.001732
738.973267	0.000601
738.737427	0.000024
738.501587	0.000096
738.265747	0.000914
738.029907	0.000072
737.794067	0.002021
737.558228	0.000337
737.322449	0
737.086670	0.000433
736.850891	0.000433
736.615112	0.000313
736.379334	0.000746
736.143555	0.000914
735.907837	0.002262
735.672119	0.000409
735.436401	0.001708
735.200684	0.000505
734.964966	0.001155
734.729248	0.001492
734.493591	0.002863
734.257873	0.00077
734.022217	0.000457
733.786560	0.001107
733.550903	0.00101
733.315308	0.000241
733.079651	0.002237
732.844055	0.000529
732.608459	0.000337
732.372864	0.001708
732.137268	0.000144
731.901672	0.00332
731.666077	0.002695
731.430542	0.000144
731.195007	0.000674
730.959473	0.000601
730.723938	0.000096
730.488403	0.000698
730.252869	0.001011
730.017395	0.001227
729.781921	0.000385
729.546387	0.000698
729.310913	0.001035
729.075500	0.000144
728.840027	0.001468
728.604614	0.002045
728.369141	0.00065
728.133728	0.001323
727.898315	0.000626
727.662903	0.002093
727.427490	0.000938
727.192139	0.000096
726.956787	0.000048
726.721375	0.000481
726.486023	0.000577
726.250671	0.001516
726.015381	0.001636
725.780029	0.000457
725.544739	0.000481
725.309387	0.000818
725.074097	0.000289
724.838806	0.001083
724.603577	0.002165
724.368286	0.001828
724.133057	0.000337
723.897766	0.001179
723.662537	0.001901
723.427307	0.000698
723.192139	0.000192
722.956909	0.000962
722.721680	0.002334
722.486511	0.002935
722.251343	0.000842
722.016174	0.000313
721.781006	0.001179
721.545898	0.001636
721.310730	0.001732
721.075623	0.000626
720.840454	0.000842
720.605347	0.000505
720.370300	0.000289
720.135193	0.000048
719.900085	0.000962
719.665039	0.000602
719.429993	0.000385
719.194946	0.000818
718.959900	0.001155
718.724853	0.001299
718.489868	0.000577
718.254822	0.000601
718.019836	0.001347
717.784851	0.000024
717.549866	0.002358
717.314880	0.000674
717.079956	0.001347
716.844971	0.000505
716.610046	0.000866
716.375122	0.000722
716.140198	0.001227
715.905273	0.000938
715.670410	0.002093
715.435486	0.000674
715.200623	0.000746
714.965759	0.000072
714.730896	0.00089
714.496033	0.001756
714.261169	0.00089
714.026367	0.000722
713.791565	0.001155
713.556763	0.000216
713.321960	0.00166
713.087158	0.000241
712.852356	0.000938
712.617615	0.001203
712.382812	0.00166
712.148071	0.000192
711.913330	0.001059
711.678589	0.002334
711.443909	0.001997
711.209168	0.002647
710.974487	0.001299
710.739807	0.000457
710.505127	0.001179
710.270447	0.000145
710.035767	0.001516
709.801147	0.001636
709.566467	0.001853
709.331848	0.000746
709.097229	0.000553
708.862610	0.002334
708.628052	0.000144
708.393433	0.001155
708.158875	0.000192
707.924255	0.000409
707.689697	0.000265
707.455200	0.000361
707.220642	0.000385
706.986084	0.001492
706.751587	0.001347
706.517090	0.001082
706.282593	0.000433
706.048096	0.000361
705.813599	0.001299
705.579163	0.001612
705.344666	0.001275
705.110229	0.000048
704.875793	0.000505
704.641357	0.000625
704.406921	0.001131
704.172546	0.00142
703.938110	0.000842
703.703735	0.000554
703.469360	0.000577
703.234985	0.001347
703.000610	0.000577
702.766296	0.001131
702.531982	0.000673
702.297607	0.000577
702.063293	0.000553
701.828979	0.001348
701.594727	0.000553
701.360413	0.000866
701.126160	0.000265
700.891846	0.000217
700.657593	0.000963
700.423340	0.000818
700.189148	0.000746
699.954895	0.00077
699.720703	0.001925
699.486450	0.001011
699.252258	0.001925
699.018127	0.00089
698.783935	0.000577
698.549744	0.002237
698.315613	0.004283
698.081482	0.003176
697.847351	0.001636
697.613220	0.000433
697.379089	0.001949
697.144959	0.000601
696.910889	0.000145
696.676819	0.00243
696.442749	0.000217
696.208679	0.000024
695.974609	0.000265
695.740540	0.000192
695.506531	0.001059
695.272522	0.001275
695.038513	0.002382
694.804504	0.001684
694.570496	0.002983
694.336548	0.001997
694.102539	0.002743
693.868591	0.003705
693.634644	0.003657
693.400696	0.002454
693.166748	0.002213
692.932861	0.002694
692.698914	0.005293
692.465027	0.003127
692.231140	0.003464
691.997253	0.00486
691.763367	0.004162
691.529541	0.004571
691.295715	0.004547
691.061829	0.006905
690.828003	0.006616
690.594177	0.00883
690.360413	0.006688
690.126587	0.009599
689.892822	0.00907
689.659058	0.010898
689.425293	0.014435
689.191528	0.015926
688.957764	0.027378
688.724060	0.043448
688.490295	0.063416
688.256592	0.086921
688.022888	0.105229
687.789185	0.124211
687.555481	0.138477
687.321838	0.177523
687.088196	0.224532
686.854492	0.294227
686.620850	0.401261
686.387268	0.476851
686.153625	0.460443
685.919983	0.306473
685.686401	0.154211
685.452820	0.071163
685.219238	0.040826
684.985657	0.023264
684.752136	0.018067
684.518555	0.013088
684.285034	0.008083
684.051514	0.006135
683.817993	0.000505
683.584473	0.002502
683.350952	0.003296
683.117493	0.002863
682.883972	0.001179
682.650513	0.00089
682.417053	0.000674
682.183655	0.00154
681.950195	0.000722
681.716797	0.001323
681.483337	0.000265
681.249939	0.001155
681.016541	0.000914
680.783203	0.000433
680.549805	0.000481
680.316467	0.003368
680.083069	0.000217
679.849731	0.000289
679.616394	0.001227
679.383118	0.001732
679.149780	0.000938
678.916504	0.001371
678.683166	0.002021
678.449890	0.001299
678.216675	0.000938
677.983398	0.001227
677.750122	0.000649
677.516907	0.002815
677.283691	0.001035
677.050476	0.000361
676.817261	0.000746
676.584045	0.000746
676.350891	0.000409
676.117676	0.002887
675.884522	0.001083
675.651367	0.000168
675.418213	0.000385
675.185120	0.000265
674.951965	0.001179
674.718872	0.000746
674.485779	0.000217
674.252685	0.000553
674.019592	0.000746
673.786560	0.00065
673.553467	0.001804
673.320435	0.000963
673.087402	0.001131
672.854370	0.000457
672.621338	0.000048
672.388367	0.001107
672.155334	0.001925
671.922363	0.000168
671.689392	0.001636
671.456421	0.001324
671.223450	0.00166
670.990540	0.002622
670.757568	0.000577
670.524658	0.00101
670.291748	0.000722
670.058838	0.000818
669.825989	0.000385
669.593079	0.002887
669.360229	0.000818
669.127380	0.00142
668.894531	0.000842
668.661682	0.001949
668.428833	0.001107
668.196045	0.000048
667.963196	0.001299
667.730408	0.001973
667.497620	0.001035
667.264832	0.00166
667.032104	0.000938
666.799316	0.001227
666.566589	0.000963
666.333862	0.000361
666.101135	0.000818
665.868408	0.001588
665.635742	0.000529
665.403076	0.001636
665.170349	0.001805
664.937683	0.00046
664.705017	0.000048
664.472412	0.000506
664.239746	0.001647
664.007141	0.001592
663.774536	0.002202
663.541931	0.000192
663.309326	0.00065
663.076721	0.000412
662.844177	0.001248
662.611633	0.003025
662.379028	0.000194
662.146484	0.002214
661.914002	0.000697
661.681457	0.000337
661.448975	0.001192
661.216431	0.000815
660.983948	0.000621
660.751465	0.001349
660.519043	0.000805
660.286560	0.000239
660.054138	0.000024
659.821716	0.001067
659.589294	0.000636
659.356873	0.000807
659.124451	0.000098
658.892090	0.001762
658.659668	0.001108
658.427307	0.000642
658.194946	0.00087
657.962585	0.00153
657.730286	0.000973
657.497925	0.002847
657.265625	0.000126
657.033325	0.000701
656.801025	0.002378
656.568726	0.00015
656.336487	0.001433
656.104187	0.000552
655.871948	0.002134
655.639709	0.002145
655.407471	0.000647
655.175293	0.0007
654.943054	0.000174
654.710877	0.002492
654.478699	0.000533
654.246521	0.000859
654.014343	0.000052
653.782166	0.000888
653.550049	0.000196
653.317871	0.000676
653.085754	0.000092
652.853638	0.00138
652.621582	0.00057
652.389465	0.002512
652.157410	0.000095
651.925354	0.00358
651.693237	0.003313
651.461243	0.002371
651.229187	0.000752
650.997131	0.001048
650.765137	0.00034
650.533142	0.002959
650.301147	0.001506
650.069153	0.003336
649.837219	0.000072
649.605225	0.002202
649.373291	0.000772
649.141357	0.003923
648.909424	0.000264
648.677490	0.001339
648.445618	0.002262
648.213684	0.001335
647.981812	0.002691
647.749939	0.003965
647.518066	0.000317
647.286255	0.003283
647.054382	0.001714
646.822571	0.000723
646.590759	0.002761
646.358948	0.002527
646.127136	0.000024
645.895325	0.0009
645.663574	0.0018
645.431824	0.000315
645.200073	0.005406
644.968323	0.001753
644.736572	0.005475
644.504822	0.001931
644.273132	0.002075
644.041443	0.002086
643.809753	0.002262
643.578064	0.001903
643.346375	0.001503
643.114746	0.007053
642.883118	0.004175
642.651489	0.00417
642.419861	0.005365
642.188232	0.005672
641.956604	0.00605
641.725037	0.005794
641.493469	0.007558
641.261902	0.005965
641.030334	0.005924
640.798767	0.008043
640.567261	0.007244
640.335754	0.01036
640.104187	0.012689
639.872681	0.010717
639.641235	0.009118
639.409729	0.01218
639.178284	0.012258
638.946777	0.017541
638.715332	0.017668
638.483948	0.020292
638.252502	0.023734
638.021057	0.028564
637.789673	0.028749
637.558289	0.050974
637.326904	0.074785
637.095520	0.122538
636.864197	0.184905
636.632812	0.25348
636.401489	0.309668
636.170166	0.409362
635.938843	0.59479
635.707519	0.80222
635.476257	0.981171
635.244934	0.814004
635.013672	0.448783
634.782410	0.178195
634.551147	0.097597
634.319946	0.073046
634.088684	0.055707
633.857483	0.047901
633.626282	0.039003
633.395081	0.035522
633.163879	0.031901
632.932739	0.028244
632.701538	0.024636
632.470398	0.022061
632.239258	0.023288
632.008118	0.019078
631.777039	0.017394
631.545898	0.014002
631.314819	0.012558
631.083740	0.01162
630.852661	0.009551
630.621582	0.008565
630.390564	0.007843
630.159485	0.008204
629.928467	0.007723
629.697449	0.00753
629.466431	0.007554
629.235474	0.005317
629.004456	0.00575
628.773498	0.002454
628.542541	0.005798
628.311584	0.004186
628.080627	0.006279
627.849731	0.003681
627.618774	0.005389
627.387878	0.002743
627.156982	0.004692
626.926086	0.004138
626.695252	0.004692
626.464356	0.001588
626.233521	0.005486
626.002685	0.002598
625.771851	0.000986
625.541016	0.001804
625.310242	0.001612
625.079468	0.002839
624.848633	0.002743
624.617859	0.001925
624.387146	0.003296
624.156372	0.002719
623.925598	0.002623
623.694885	0.000385
623.464172	0.00243
623.233459	0.001588
623.002808	0.000553
622.772095	0.001275
622.541443	0.002262
622.310791	0.000602
622.080139	0.00065
621.849487	0.002093
621.618835	0.001371
621.388245	0.002574
621.157593	0.002695
620.927002	0.002623
620.696472	0.002551
620.465881	0.001949
620.235291	0.001805
620.004761	0.000674
619.774231	0.004018
619.543701	0.000746
619.313171	0.003273
619.082703	0.001733
618.852173	0.002839
618.621704	0.000938
618.391235	0.0032
618.160767	0.000313
617.930298	0.004211
617.699890	0.001155
617.469482	0.00077
617.239075	0.003104
617.008667	0.004692
616.778259	0.001684
616.547852	0.000842
616.317505	0.001805
616.087158	0.00231
615.856812	0.002165
615.626465	0.004524
615.396118	0.004259
615.165832	0.00154
614.935547	0.003898
614.705200	0.004259
614.474976	0.00243
614.244690	0.004331
614.014404	0.003417
613.784180	0.004139
613.553955	0.003056
613.323731	0.003561
613.093506	0.002647
612.863342	0.002118
612.633118	0.003778
612.402954	0.003922
612.172791	0.003754
611.942627	0.004692
611.712463	0.004644
611.482361	0.005631
611.252258	0.002118
611.022095	0.002815
610.791992	0.003946
610.561951	0.003754
610.331848	0.003345
610.101807	0.006328
609.871765	0.00231
609.641724	0.005558
609.411682	0.003874
609.181641	0.005342
608.951660	0.0032
608.721680	0.00474
608.491638	0.004355
608.261719	0.003441
608.031738	0.003658
607.801758	0.005077
607.571838	0.003225
607.341919	0.004139
607.112000	0.002382
606.882080	0.005655
606.652222	0.004692
606.422302	0.005005
606.192444	0.005149
605.962585	0.006545
605.732727	0.003465
605.502930	0.006593
605.273071	0.004837
605.043274	0.005991
604.813477	0.006449
604.583679	0.00604
604.353882	0.007676
604.124146	0.006328
603.894348	0.005558
603.664612	0.007146
603.434875	0.008013
603.205139	0.008398
602.975464	0.006641
602.745789	0.007002
602.516052	0.005559
602.286377	0.007002
602.056702	0.00616
601.827087	0.009529
601.597412	0.009793
601.367798	0.011309
601.138184	0.008133
600.908569	0.01167
600.678955	0.012561
600.449402	0.013956
600.219849	0.013932
599.990295	0.018889
599.760742	0.025554
599.531189	0.038452
599.301636	0.060156
599.072144	0.092304
598.842651	0.144134
598.613159	0.205133
598.383667	0.294621
598.154175	0.38832
597.924744	0.477279
597.695312	0.543932
597.465820	0.588688
597.236450	0.616962
597.007019	0.632241
596.777588	0.640783
596.548218	0.644826
596.318848	0.643141
596.089478	0.652935
595.860107	0.649013
595.630798	0.654427
595.401428	0.653585
595.172119	0.654427
594.942810	0.655076
594.713501	0.652959
594.484253	0.658782
594.254944	0.664701
594.025696	0.664268
593.796448	0.666097
593.567200	0.66357
593.338013	0.668456
593.108765	0.666241
592.879578	0.671078
592.650391	0.680848
592.421204	0.680534
592.192017	0.676083
591.962891	0.685635
591.733704	0.682171
591.504578	0.6872
591.275452	0.6859
591.046387	0.690545
590.817261	0.694323
590.588196	0.693071
590.359131	0.695429
590.130066	0.695935
589.901001	0.699111
589.671936	0.698437
589.442932	0.690617
589.213867	0.701854
588.984863	0.700555
588.755920	0.700362
588.526916	0.708688
588.297913	0.704862
588.068970	0.72274
587.840027	0.717928
587.611084	0.721489
587.382202	0.720454
587.153259	0.725652
586.924377	0.730344
586.695496	0.7289
586.466614	0.735084
586.237732	0.725435
586.008850	0.729406
585.780029	0.730224
585.551209	0.729838
585.322388	0.738285
585.093567	0.730994
584.864746	0.729309
584.635986	0.735902
584.407227	0.731764
584.178467	0.737106
583.949707	0.732558
583.720947	0.74329
583.492248	0.733665
583.263550	0.744396
583.034851	0.737467
582.806152	0.734001
582.577454	0.744469
582.348755	0.749979
582.120117	0.750003
581.891479	0.746057
581.662842	0.748559
581.434204	0.759002
581.205627	0.745287
580.977051	0.759892
580.748413	0.749594
580.519897	0.745455
580.291321	0.747091
580.062744	0.745816
579.834228	0.751687
579.605713	0.751399
579.377197	0.755754
579.148682	0.759147
578.920166	0.756981
578.691711	0.759026
578.463257	0.762203
578.234802	0.756957
578.006348	0.759748
577.777893	0.760109
577.549500	0.754118
577.321106	0.751904
577.092651	0.755634
576.864319	0.749281
576.635925	0.75751
576.407532	0.742351
576.179199	0.749137
575.950867	0.752866
575.722534	0.744468
575.494263	0.750388
575.265930	0.743265
575.037659	0.737105
574.809387	0.722812
574.581116	0.719203
574.352844	0.705367
574.124573	0.689029
573.896362	0.649759
573.668152	0.606061
573.439941	0.529976
573.211731	0.445444
572.983582	0.335166
572.755371	0.249552
572.527222	0.162036
572.299072	0.099474
572.070923	0.060397
571.842834	0.038019
571.614685	0.025049
571.386597	0.015545
571.158508	0.01451
570.930420	0.010371
570.702393	0.009769
570.474304	0.007267
570.246277	0.009336
570.018250	0.009288
569.790222	0.00551
569.562195	0.006016
569.334228	0.006641
569.106262	0.006689
568.878296	0.003489
568.650330	0.007435
568.422363	0.004042
568.194458	0.004668
567.966492	0.004476
567.738586	0.007627
567.510681	0.003417
567.282837	0.004211
567.054932	0.003176
566.827087	0.003778
566.599243	0.002767
566.371399	0.005005
566.143555	0.004981
565.915772	0.002743
565.687927	0.003104
565.460144	0.001107
565.232361	0.002815
565.004639	0.00462
564.776856	0.003248
564.549133	0.002045
564.321411	0.002021
564.093689	0.002647
563.865967	0.001131
563.638245	0.001444
563.410584	0.002599
563.182922	0.001925
562.955261	0.001973
562.727600	0.002334
562.499939	0.00166
562.272339	0.003104
562.044739	0.002478
561.817139	0.00219
561.589539	0.000145
561.362000	0.004548
561.134399	0.001179
560.906860	0.00243
560.679321	0.001155
560.451782	0.002502
560.224304	0.000674
559.996765	0.004933
559.769287	0.00296
559.541809	0.004427
559.314331	0.002599
559.086914	0.002551
558.859436	0.000602
558.632019	0.001877
558.404602	0.002623
558.177185	0.002936
557.949768	0.002647
557.722412	0.002936
557.495056	0.001035
557.267700	0.002767
557.040344	0.003224
556.812988	0.004716
556.585693	0.001251
556.358337	0.002695
556.131043	0.00154
555.903809	0.003489
555.676514	0.001853
555.449219	0.003465
555.221985	0.003465
554.994751	0.003056
554.767517	0.000915
554.540344	0.005077
554.313110	0.002406
554.085938	0.005173
553.858765	0.003922
553.631592	0.003345
553.404419	0.002911
553.177307	0.006448
552.950195	0.002406
552.723022	0.004403
552.495972	0.002671
552.268860	0.005703
552.041748	0.003489
551.814697	0.006472
551.587647	0.005222
551.360596	0.005318
551.133606	0.0045
550.906555	0.004139
550.679565	0.003513
550.452576	0.006328
550.225586	0.005462
549.998596	0.008782
549.771668	0.004981
549.544678	0.007026
549.317749	0.007123
549.090820	0.008013
548.863953	0.005535
548.637024	0.010707
548.410156	0.007965
548.183289	0.013691
547.956421	0.015135
547.729553	0.028105
547.502747	0.047066
547.275879	0.086601
547.049072	0.16235
546.822266	0.276502
546.595520	0.389259
546.368713	0.485725
546.141968	0.548552
545.915222	0.573264
545.688477	0.593356
545.461731	0.604281
545.235046	0.618117
545.008362	0.617178
544.781616	0.613497
544.554993	0.62074
544.328308	0.624108
544.101623	0.619464
543.875000	0.614195
543.648377	0.619007
543.421753	0.617034
543.195129	0.612366
542.968567	0.62406
542.742004	0.606157
542.515442	0.604522
542.288879	0.61393
542.062317	0.613015
541.835815	0.611788
541.609253	0.611235
541.382752	0.605484
541.156250	0.610753
540.929810	0.614026
540.703308	0.61109
540.476868	0.615085
540.250427	0.616697
540.023987	0.614459
539.797546	0.610032
539.571167	0.615398
539.344788	0.62033
539.118408	0.622833
538.892029	0.619753
538.665649	0.613256
538.439331	0.616962
538.212952	0.617684
537.986633	0.610705
537.760376	0.609021
537.534058	0.61405
537.307739	0.609646
537.081482	0.606855
536.855225	0.596845
536.628967	0.604088
536.402771	0.597183
536.176514	0.598289
535.950317	0.598458
535.724121	0.600359
535.497925	0.598458
535.271790	0.592105
535.045593	0.597158
534.819458	0.596485
534.593323	0.596773
534.367188	0.592009
534.141113	0.592201
533.914978	0.598361
533.688904	0.591094
533.462830	0.590926
533.236755	0.594415
533.010742	0.59006
532.784668	0.5794
532.558655	0.575743
532.332642	0.578028
532.106628	0.580387
531.880676	0.57413
531.654663	0.573697
531.428711	0.579063
531.202759	0.579881
530.976807	0.57401
530.750916	0.578005
530.525024	0.573721
530.299072	0.576464
530.073181	0.57952
529.847351	0.576489
529.621460	0.576561
529.395630	0.58005
529.169800	0.578197
528.943970	0.582336
528.718140	0.583058
528.492371	0.579376
528.266541	0.573938
528.040772	0.576392
527.815002	0.579304
527.589294	0.578462
527.363525	0.578149
527.137817	0.567754
526.912109	0.567369
526.686401	0.567152
526.460693	0.556493
526.235046	0.559958
526.009338	0.568933
525.783691	0.564987
525.558044	0.563904
525.332459	0.564361
525.106812	0.56838
524.881226	0.559958
524.655640	0.557527
524.430054	0.55796
524.204529	0.558009
523.978943	0.551776
523.753418	0.548552
523.527893	0.542079
523.302368	0.5441
523.076904	0.54386
522.851379	0.550645
522.625916	0.545664
522.400452	0.537507
522.174988	0.544077
521.949585	0.539144
521.724121	0.529326
521.498718	0.518329
521.273315	0.492342
521.047913	0.454708
520.822571	0.385192
520.597229	0.20328
520.371826	0.125052
520.146545	0.07724
519.921204	0.042254
519.695862	0.025194
519.470581	0.014004
519.245300	0.010371
519.020019	0.010563
518.794739	0.00746
518.569519	0.009119
518.344299	0.005703
518.119019	0.006352
517.893860	0.003032
517.668640	0.005871
517.443481	0.003994
517.218262	0.005727
516.993103	0.005222
516.767944	0.00474
516.542847	0.0032
516.317688	0.004524
516.092590	0.002936
515.867493	0.004836
515.642395	0.003465
515.417358	0.003585
515.192261	0.003513
514.967224	0.001468
514.742188	0.002575
514.517212	0.00474
514.292175	0.000216
514.067200	0.002695
513.842163	0.002791
513.617248	0.003898
513.392273	0.000578
513.167297	0.002214
512.942383	0.002599
512.717468	0.004644
512.492554	0.003898
512.267639	0.004235
512.042786	0.002887
511.817902	0.004235
511.593048	0.00409
511.368195	0.00219
511.143372	0.000217
510.918549	0.004788
510.693756	0.002551
510.468964	0.001997
510.244171	0.002382
510.019409	0.001516
509.794647	0.001251
509.569916	0.001708
509.345184	0.002286
509.120453	0.002984
508.895752	0.004379
508.671082	0.003008
508.446381	0.003104
508.221710	0.004668
507.997070	0.00308
507.772430	0.002791
507.547791	0.00142
507.323181	0.00385
507.098572	0.002093
506.873993	0.002358
506.649414	0.002575
506.424866	0.001901
506.200287	0.002791
505.975769	0.003778
505.751251	0.003321
505.526733	0.005053
505.302216	0.002575
505.077728	0.002142
504.853272	0.005293
504.628815	0.002936
504.404358	0.002479
504.179901	0.003369
503.955505	0.002166
503.731079	0.004139
503.506683	0.003441
503.282288	0.005197
503.057922	0.004548
502.833557	0.006088
502.609222	0.007916
502.384888	0.00782
502.160553	0.007459
501.936249	0.010492
501.711975	0.015207
501.487671	0.021368
501.263397	0.037946
501.039154	0.060541
500.814911	0.09074
500.590668	0.148562
500.366455	0.199406
500.142242	0.251164
499.918060	0.300685
499.693878	0.339136
499.469727	0.377612
499.245544	0.401795
499.021423	0.422705
498.797302	0.447634
498.573181	0.466523
498.349060	0.481177
498.124970	0.483944
497.900909	0.496794
497.676849	0.496385
497.452789	0.494315
497.228760	0.501221
497.004730	0.493425
496.780701	0.492775
496.556702	0.494363
496.332733	0.496168
496.108765	0.496168
495.884796	0.500547
495.660858	0.500066
495.436920	0.498237
495.212982	0.500066
494.989075	0.499224
494.765198	0.491019
494.541290	0.488564
494.317444	0.488203
494.093567	0.478843
493.869721	0.472875
493.645904	0.462264
493.422089	0.463732
493.198273	0.459352
492.974487	0.453313
492.750702	0.443182
492.526947	0.447105
492.303192	0.436132
492.079437	0.434664
491.855713	0.422489
491.631988	0.425665
491.408295	0.418543
491.184601	0.412792
490.960938	0.405693
490.737274	0.400664
490.513611	0.390438
490.289978	0.387694
490.066345	0.38062
489.842743	0.375086
489.619141	0.360288
489.395569	0.354777
489.171997	0.349074
488.948425	0.33726
488.724884	0.330234
488.501343	0.317961
488.277832	0.309828
488.054321	0.309467
487.830841	0.303091
487.607361	0.297941
487.383881	0.289808
487.160431	0.294837
486.936981	0.286873
486.713562	0.279991
486.490143	0.270558
486.266754	0.270173
486.043365	0.249841
485.819977	0.249095
485.596619	0.239638
485.373261	0.235908
485.149933	0.226837
484.926605	0.218198
484.703278	0.21649
484.479981	0.212399
484.256714	0.203785
484.033447	0.206408
483.810181	0.202173
483.586945	0.196133
483.363708	0.195556
483.140472	0.190142
482.917267	0.188289
482.694092	0.182754
482.470886	0.17402
482.247742	0.174645
482.024567	0.164683
481.801422	0.151979
481.578308	0.150775
481.355194	0.136651
481.132080	0.12486
480.908997	0.103637
480.685944	0.093146
480.462860	0.075893
480.239807	0.056739
480.016785	0.046849
479.793762	0.025675
479.570740	0.018697
479.347748	0.009577
479.124756	0.006208
478.901794	0.001685
478.678833	0.006352
478.455902	0.004043
478.232971	0.003056
478.010040	0.002551
477.787140	0.001083
477.564239	0.002021
477.341370	0.00166
477.118500	0.003393
476.895660	0.002887
476.672821	0.001925
476.449982	0.002599
476.227173	0.001227
476.004394	0.000024
475.781586	0.002575
475.558807	0.003657
475.336060	0.000891
475.113312	0.000554
474.890595	0.002214
474.667877	0.001275
474.445160	0.002382
474.222473	0.001829
473.999786	0.000698
473.777130	0.002526
473.554474	0.000337
473.331818	0.001804
473.109192	0.000169
472.886566	0.003128
472.663971	0.00065
472.441376	0.001997
472.218811	0.000674
471.996246	0.002526
471.773712	0.001636
471.551178	0.000313
471.328644	0.000506
471.106140	0.00012
470.883637	0.000962
470.661163	0.000193
470.438690	0.00077
470.216248	0.001179
469.993805	0.000818
469.771362	0.002141
469.548950	0.000409
469.326569	0.00089
469.104156	0.002165
468.881775	0.003705
468.659424	0.001372
468.437073	0.001756
468.214752	0.000192
467.992432	0.000554
467.770111	0.001155
467.547821	0.000625
467.325531	0.002117
467.103272	0.002238
466.881012	0.000361
466.658752	0.000385
466.436523	0.00219
466.214325	0.002575
465.992126	0.001853
465.769928	0.000529
465.547760	0.001372
465.325592	0.002117
465.103455	0.000409
464.881317	0.002887
464.659180	0.000962
464.437073	0.002695
464.214966	0.002141
463.992889	0.001829
463.770813	0.000409
463.548767	0.001395
463.326721	0.002358
463.104706	0.001107
462.882690	0.000553
462.660675	0.000048
462.438690	0.000529
462.216705	0.001131
461.994751	0.002189
461.772797	0.001203
461.550873	0.000241
461.328949	0.000217
461.107025	0.001781
460.885132	0.002575
460.663269	0.000289
460.441406	0.000168
460.219543	0.000866
459.997711	0.000601
459.775879	0.000144
459.554047	0.000746
459.332245	0.002478
459.110474	0.000313
458.888702	0.000674
458.666931	0.002767
458.445190	0.002743
458.223450	0.001877
458.001739	0.001949
457.780029	0.001155
457.558319	0.00065
457.336639	0.001179
457.114990	0.001179
456.893310	0.000842
456.671692	0.001107
456.450043	0.000529
456.228455	0.000385
456.006836	0.000674
455.785248	0.001468
455.563690	0.001227
455.342133	0.001203
455.120575	0.000289
454.899048	0.001492
454.677521	0.00142
454.456024	0.001732
454.234528	0.001901
454.013061	0.001372
453.791596	0.001877
453.570129	0.000072
453.348694	0.000168
453.127289	0.001732
452.905853	0.000866
452.684479	0.002262
452.463074	0.001732
452.241699	0.000746
452.020355	0.000433
451.799011	0.00154
451.577698	0.000818
451.356354	0.002021
451.135071	0.000048
450.913788	0.000361
450.692505	0.00065
450.471252	0.001107
450.250000	0.00166
450.028748	0.001059
449.807526	0.001564
449.586334	0.001516
449.365143	0.001203
449.143951	0.002141
448.922791	0.00065
448.701630	0.002166
448.480499	0.000962
448.259369	0.000914
448.038238	0.000987
447.817139	0.002382
447.596069	0.000674
447.375000	0.000048
447.153931	0.00089
446.932892	0.000433
446.711853	0.000481
446.490845	0.001636
446.269836	0.000962
446.048859	0.001131
445.827881	0.00077
445.606903	0.000674
445.385956	0.003007
445.165008	0.003104
444.944092	0.00219
444.723175	0.001251
444.502289	0.001733
444.281403	0.002671
444.060547	0.001997
443.839691	0.002887
443.618835	0.000145
443.398010	0.000987
443.177216	0.002093
442.956421	0.000241
442.735626	0.001564
442.514862	0.000289
442.294098	0.00154
442.073334	0.002382
441.852631	0.000962
441.631897	0.001275
441.411194	0.00089
441.190491	0.000481
440.969818	0.001083
440.749176	0.000096
440.528503	0.000193
440.307892	0.000433
440.087250	0.00154
439.866638	0.001612
439.646057	0.000457
439.425476	0.002093
439.204895	0.00065
438.984345	0.001227
438.763824	0.001444
438.543274	0.001371
438.322784	0.002093
438.102264	0.001901
437.881775	0.00077
437.661316	0.00243
437.440857	0.000048
437.220429	0.001588
437.000000	0.001444
436.779571	0.002791
436.559174	0.001011
436.338776	0.00142
436.118408	0.00142
435.898041	0.000168
435.677704	0.000577
435.457367	0.000938
435.237030	0.000914
435.016724	0.000337
434.796448	0.000217
434.576172	0.00065
434.355896	0.002502
434.135651	0
433.915405	0.002141
433.695190	0.000529
433.474976	0.000987
433.254791	0.00231
433.034607	0.00231
432.814423	0.001492
432.594269	0.000602
432.374145	0.001708
432.153992	0.001829
431.933899	0.000601
431.713806	0.000794
431.493713	0.001275
431.273651	0.001275
431.053589	0.000842
430.833527	0.001299
430.613495	0.004042
430.393494	0.001131
430.173492	0.000457
429.953491	0.00077
429.733520	0.000674
429.513550	0.00154
429.293610	0.000553
429.073669	0.001757
428.853760	0.004138
428.633850	0.000914
428.413971	0.001011
428.194092	0.001251
427.974213	0.000192
427.754364	0.000192
427.534515	0.001516
427.314697	0.002286
427.094910	0.002695
426.875092	0.000289
426.655334	0.001299
426.435547	0.000529
426.215790	0.000842
425.996063	0.000794
425.776337	0.001227
425.556610	0.002117
425.336914	0.000939
425.117249	0.000818
424.897583	0.001708
424.677917	0.00089
424.458282	0.001468
424.238648	0.001877
424.019043	0.001059
423.799439	0.001684
423.579834	0.001299
423.360260	0.000409
423.140717	0.000722
422.921173	0.000024
422.701630	0.000674
422.482117	0.000914
422.262604	0.000144
422.043121	0.001035
421.823639	0.001179
421.604187	0.000361
421.384735	0.000337
421.165314	0.001155
420.945892	0.001925
420.726501	0.000553
420.507111	0.000337
420.287720	0.001372
420.068359	0.002262
419.848999	0.001444
419.629669	0.001684
419.410339	0.000144
419.191040	0.001781
418.971741	0.002406
418.752472	0.00142
418.533203	0.000746
418.313965	0.001131
418.094727	0.00154
417.875488	0.001203
417.656280	0.000241
417.437073	0.002984
417.217895	0.000914
416.998749	0.001251
416.779571	0.001877
416.560455	0.001131
416.341309	0.001564
416.122192	0.000337
415.903107	0.000072
415.684021	0.001035
415.464966	0.000722
415.245911	0.002984
415.026856	0.001131
414.807831	0.001275
414.588806	0.000289
414.369812	0.001756
414.150848	0.000024
413.931854	0.001516
413.712921	0.000072
413.493958	0.001035
413.275024	0.000626
413.056122	0
412.837219	0.000674
412.618347	0.000048
412.399475	0.001925
412.180603	0.003874
411.961762	0.001299
411.742920	0.001564
411.524109	0.000265
411.305298	0.001107
411.086517	0.001299
410.867737	0.000096
410.648987	0.000361
410.430237	0.001492
410.211517	0.001492
409.992798	0.000241
409.774078	0.00012
409.555389	0.000096
409.336731	0.000192
409.118072	0.001636
408.899414	0.002238
408.680786	0.001251
408.462158	0.000914
408.243561	0.000529
408.024963	0.00166
407.806397	0.002454
407.587830	0.000144
407.369293	0.000553
407.150757	0.001203
406.932221	0.001684
406.713715	0.001949
406.495239	0.000457
406.276764	0.000217
406.058289	0.000698
405.839844	0.000842
405.621399	0.000193
405.402985	0.002045
405.184601	0.00166
404.966186	0.001564
404.747803	0.000385
404.529449	0.001155
404.311096	0.001275
404.092773	0.001853
403.874451	0.000409
403.656128	0.002647
403.437836	0.001708
403.219574	0.000241
403.001312	0.001444
402.783051	0.000409
402.564819	0.001756
402.346588	0.001708
402.128387	0.000072
401.910187	0.001396
401.692017	0.001347
401.473846	0.000577
401.255707	0.001973
401.037567	0.001275
400.819458	0.00231
400.601349	0.003392
400.383240	0.003272
400.165161	0.001516
399.947113	0.000072
399.729065	0.001155
399.511017	0.001756
399.292999	0.001492
399.074982	0.003537
398.856995	0.000578
398.639008	0.000096
398.421051	0.000674
398.203095	0.00077
397.985168	0.002117
397.767242	0.002503
397.549316	0.00101
397.331421	0.001419
397.113556	0.000433
396.895691	0.000072
396.677826	0.000866
396.459992	0.000914
396.242188	0.000577
396.024383	0.000409
395.806580	0.000457
395.588806	0.0032
395.371033	0.000842
395.153290	0.000241
394.935547	0.001347
394.717834	0.000048
394.500122	0.002262
394.282440	0.000168
394.064758	0.003801
393.847076	0.000674
393.629425	0.001275
393.411804	0.001781
393.194183	0.001973
392.976562	0.00012
392.758972	0.001131
392.541412	0.002767
392.323822	0.001275
392.106293	0.000096
391.888763	0.001516
391.671234	0.000818
391.453735	0.001732
391.236237	0.001107
391.018738	0.001708
390.801300	0.000818
390.583832	0.00077
390.366394	0.000602
390.148987	0.000385
389.931580	0.00012
389.714203	0.002767
389.496796	0.000048
389.279449	0.001179
389.062103	0.000337
388.844757	0.000602
388.627441	0.001155
388.410156	0.002911
388.192841	0.000698
387.975586	0.000938
387.758301	0.002671
387.541077	0.002045
387.323822	0.000625
387.106628	0.00154
386.889404	0.00219
386.672211	0.000505
386.455048	0.001372
386.237885	0.000529
386.020752	0.000385
385.803619	0.000698
385.586487	0.000987
385.369385	0.001179
385.152313	0.001131
384.935242	0.000746
384.718170	0.002093
384.501129	0.002502
384.284088	0.002454
384.067078	0.001636
383.850067	0.000192
383.633087	0.000313
383.416107	0.000457
383.199158	0.000577
382.982208	0.002262
382.765289	0.001371
382.548370	0.001396
382.331482	0.002021
382.114594	0.002141
381.897705	0.002045
381.680847	0.00065
381.464020	0.000914
381.247192	0.000578
381.030365	0.000842
380.813568	0.002213
380.596802	0.000866
380.380035	0.000409
380.163269	0.002238
379.946533	0.002526
379.729797	0.000602
379.513092	0.000265
379.296387	0.000216
379.079712	0.001347
378.863037	0.001179
378.646393	0.000963
378.429749	0.000866
378.213135	0.000649
377.996521	0.001949
377.779938	0.000481
377.563355	0.001925
377.346771	0.003176
377.130219	0.002454
376.913696	0.00154
376.697174	0.002478
376.480652	0.001011
376.264160	0.001949
376.047699	0.002021
375.831238	0.001781
375.614777	0.000698
375.398346	0.000746
375.181915	0.002454
374.965515	0.001612
374.749145	0.000336
374.532745	0.003874
374.316406	0.001131
374.100067	0.001732
373.883728	0.003417
373.667389	0.007315
373.451111	0.012994
373.234802	0.018986
373.018524	0.029043
372.802277	0.038043
372.586029	0.051831
372.369812	0.065811
372.153595	0.076543
371.937378	0.086095
371.721222	0.085566
371.505035	0.089416
371.288879	0.090258
371.072754	0.090066
370.856598	0.090259
370.640503	0.09649
370.424408	0.092545
370.208313	0.095624
369.992249	0.094494
369.776215	0.098487
369.560150	0.098776
369.344147	0.100629
369.128113	0.09933
368.912140	0.101327
368.696167	0.099763
368.480194	0.098343
368.264252	0.09625
368.048309	0.096346
367.832367	0.096226
367.616486	0.091991
367.400574	0.096033
367.184692	0.093025
366.968842	0.090619
366.752991	0.089753
366.537170	0.086673
366.321350	0.085614
366.105530	0.080946
365.889740	0.08162
365.673981	0.073174
365.458221	0.074714
365.242493	0.071417
365.026733	0.068313
364.811035	0.064872
364.595337	0.060132
364.379639	0.056499
364.163971	0.057461
363.948334	0.05479
363.732696	0.052336
363.517059	0.04863
363.301453	0.045261
363.085846	0.046104
362.870270	0.041845
362.654694	0.038019
362.439148	0.035396
362.223602	0.033615
362.008087	0.03708
361.792572	0.030174
361.577087	0.026661
361.361603	0.025025
361.146149	0.023317
360.930695	0.019299
360.715271	0.021825
360.499847	0.017205
360.284454	0.019635
360.069061	0.014871
359.853668	0.015328
359.638306	0.014149
359.422974	0.013716
359.207642	0.009216
358.992340	0.009962
358.777039	0.009505
358.561737	0.008398
358.346466	0.00628
358.131226	0.00628
357.915985	0.006208
357.700745	0.006762
357.485535	0.005197
357.270355	0.004596
357.055145	0.003778
356.839996	0.003489
356.624847	0.0045
356.409698	0.001709
356.194580	0.005053
355.979462	0.003152
355.764374	0.003369
355.549316	0.002911
355.334259	0.003994
355.119202	0.001997
354.904175	0.000433
354.689148	0.003681
354.474152	0.001444
354.259155	0.001925
354.044190	0.001371
353.829224	0.001877
353.614288	0.000433
353.399353	0.000337
353.184448	0.001492
352.969543	0.000842
352.754669	0.000288
352.539795	0.000241
352.324951	0.000433
352.110107	0.000746
351.895264	0.000337
351.680481	0.000626
351.465668	0.000794
351.250885	0.001227
351.036133	0.000674
350.821381	0.001059
350.606659	0.002671
350.391937	0
350.177216	0.003176
349.962524	0.000072
349.747864	0.000216
349.533203	0.005077
349.318573	0.00154
349.103943	0.002045
348.889313	0.001684
348.674713	0.001757
348.460144	0.000072
348.245575	0.002911
348.031006	0.001011
347.816467	0.001179
347.601959	0.000505
347.387451	0.001155
347.172943	0.001131
346.958466	0.000698
346.743988	0.000746
346.529541	0.001131
346.315125	0.000818
346.100708	0.001107
345.886292	0.000313
345.671905	0.001035
345.457519	0.000457
345.243164	0.000072
345.028839	0.000818
344.814514	0.000289
344.600189	0.000241
344.385895	0.000553
344.171600	0.000962
343.957336	0.003609
343.743072	0.000674
343.528839	0.001829
343.314606	0.001035
343.100403	0.00089
342.886231	0.001131
342.672028	0.000168
342.457886	0.001107
342.243744	0.00166
342.029602	0.001131
341.815491	0.000674
341.601379	0.000914
341.387299	0.000048
341.173218	0.001949
340.959167	0.001564
340.745117	0.001901
340.531097	0.000457
340.317078	0.000193
340.103088	0.000313
339.889099	0.000986
339.675140	0.000794
339.461182	0.001444
339.247253	0.00077
339.033325	0.00089
338.819428	0.001299
338.605530	0.002839
338.391663	0.000409
338.177795	0.000529
337.963928	0.001083
337.750122	0.000024
337.536285	0.000048
337.322510	0.000457
337.108704	0.000409
336.894928	0.000866
336.681183	0.001179
336.467438	0.001203
336.253723	0.001949
336.040008	0.000265
335.826324	0.002045
335.612640	0.000626
335.398987	0.000169
335.185333	0.000433
334.971680	0.000024
334.758087	0.000241
334.544464	0
334.330872	0.000409
334.117310	0.002189
333.903748	0.000746
333.690216	0.000096
333.476685	0.000289
333.263184	0.001781
333.049683	0.002045
332.836182	0
332.622742	0.000602
332.409271	0.001997
332.195831	0.000554
331.982422	0.001131
331.769012	0.000289
331.555633	0.001901
331.342255	0.000048
331.128906	0.001973
330.915558	0.00089
330.702209	0.00089
330.488922	0.002238
330.275604	0.001275
330.062317	0.000962
329.849060	0.002334
329.635803	0.002526
329.422577	0.000241
329.209351	0.000144
328.996124	0.000289
328.782959	0.002887
328.569763	0.001107
328.356598	0.000553
328.143463	0.000241
327.930328	0.000914
327.717224	0.000505
327.504120	0.00012
327.291046	0.00065
327.077972	0.000529
326.864899	0.000169
326.651886	0.000048
326.438843	0.001733
326.225830	0.002334
326.012848	0.001251
325.799866	0.000987
325.586914	0.001901
325.373962	0.000986
325.161041	0.00154
324.948120	0.001756
324.735199	0.000914
324.522339	0.001997
324.309448	0.000481
324.096619	0.000361
323.883758	0.002213
323.670929	0.001708
323.458130	0.000024
323.245331	0.000144
323.032562	0.000145
322.819794	0.00166
322.607056	0.00089
322.394318	0.00231
322.181610	0.000313
321.968903	0.000024
321.756226	0.000963
321.543549	0.000746
321.330902	0.003152
321.118256	0.000433
320.905640	0.001612
320.693024	0.000409
320.480438	0.002141
320.267853	0.000794
320.055298	0.00243
319.842743	0.000553
319.630219	0.000265
319.417694	0.00166
319.205200	0.001034
318.992706	0.000216
318.780243	0.00178
318.567779	0.001203
318.355347	0.000409
318.142914	0.000842
317.930512	0.000072
317.718109	0.001925
317.505737	0.000722
317.293365	0.001636
317.081024	0.000818
316.868683	0.002646
316.656372	0.000144
316.444092	0.000024
316.231781	0.002574
316.019531	0.00012
315.807281	0.002863
315.595032	0.001468
315.382812	0.001636
315.170593	0.001829
314.958404	0.000217
314.746246	0.000361
314.534088	0.00243
314.321930	0.000024
314.109802	0.001107
313.897675	0.000601
313.685577	0.002093
313.473511	0.001083
313.261444	0.002045
313.049377	0.000698
312.837341	0.000481
312.625336	0.00012
312.413330	0.001059
312.201324	0.002623
311.989349	0.002791
311.777405	0.001131
311.565460	0.001299
311.353516	0.000457
311.141602	0.002767
310.929718	0.000505
310.717834	0.000144
310.505951	0.000289
310.294098	0.000746
310.082275	0.001973
309.870453	0.001684
309.658661	0.001781
309.446869	0.002093
309.235107	0.000193
309.023346	0.001757
308.811584	0.00166
308.599853	0.001492
308.388153	0.000962
308.176453	0.004932
307.964783	0.00089
307.753113	0.000168
307.541473	0.000072
307.329834	0.000698
307.118225	0.000072
306.906616	0.002839
306.695038	0.001011
306.483459	0.001877
306.271912	0.000481
306.060364	0.003128
305.848846	0.00142
305.637329	0.001347
305.425842	0.000072
305.214356	0.001011
305.002899	0.001011
304.791473	0.000096
304.580048	0.000265
304.368622	0.002767
304.157227	0.001684
303.945831	0.00142
303.734467	0.00166
303.523132	0.000529
303.311798	0.002093
303.100464	0.003248
302.889160	0.000072
302.677856	0.001083
302.466583	0.001203
302.255341	0.00053
302.044098	0.000192
301.832886	0.002093
301.621674	0.001323
301.410461	0.002863
301.199280	0.001035
300.988129	0.002671
300.776977	0.001324
300.565857	0.001059
300.354736	0.001155
300.143616	0.00077
299.932556	0.002767
299.721466	0.001179
299.510406	0.000577
299.299377	0.002767
299.088348	0.00065
298.877350	0.001853
298.666351	0.001997
298.455383	0.000722
298.244415	0.001299
298.033478	0.002815
297.822540	0.000938
297.611633	0.003705
297.400757	0.000385
297.189880	0.000505
296.979004	0.000818
296.768158	0.00231
296.557312	0.001829
296.346497	0.000794
296.135712	0.002551
295.924927	0.00142
295.714142	0.000192
295.503387	0.000144
295.292633	0.001853
295.081940	0.000409
294.871216	0.002863
294.660523	0.00089
294.449860	0.000577
294.239197	0.00154
294.028534	0.001155
293.817932	0.00065
293.607300	0.00166
293.396698	0.000168
293.186127	0.001828
292.975555	0.002574
292.765015	0.001492
292.554474	0.002382
292.343964	0.001323
292.133453	0.001997
291.922974	0.000914
291.712494	0.00219
291.502045	0.000794
291.291596	0.000241
291.081177	0.000818
290.870789	0.001251
290.660400	0.002599
290.450012	0.000072
290.239654	0.000024
290.029297	0.001275
289.818970	0.000698
289.608673	0.001299
289.398376	0.000553
289.188080	0.001059
288.977814	0.001564
288.767578	0.002911
288.557343	0.001299
288.347137	0.000144
288.136932	0.000818
287.926758	0.000818
287.716583	0.000241
287.506409	0.001612
287.296295	0.000794
287.086151	0.002141
286.876068	0.000385
286.665955	0.000914
286.455902	0.001011
286.245819	0.000385
286.035797	0.000962
285.825775	0.003489
285.615753	0.001781
285.405762	0.002382
285.195770	0.00101
284.985809	0.002887
284.775879	0.002286
284.565948	0.000457
284.356018	0.000409
284.146118	0.002262
283.936249	0.001468
283.726379	0.000361
283.516541	0.00012
283.306702	0.002911
283.096863	0.001131
282.887085	0.00024
282.677277	0.000794
282.467499	0.000963
282.257751	0.000674
282.048004	0.000409
281.838287	0.002815
281.628601	0.002286
281.418884	0.000385
281.209228	0.001011
280.999573	0.000818
280.789917	0.002093
280.580292	0.001251
280.370667	0.002045
280.161072	0.00166
279.951508	0.00077
279.741943	0.000313
279.532379	0.002021
279.322846	0.000361
279.113342	0.001251
278.903839	0.000963
278.694367	0.001468
278.484894	0.000746
278.275452	0.001107
278.066010	0.000433
277.856598	0.000289
277.647186	0.000794
277.437805	0.000169
277.228424	0.001083
277.019073	0.000024
276.809723	0.001636
276.600403	0.002454
276.391113	0.000193
276.181793	0.002166
275.972534	0.002214
275.763275	0.002839
275.554016	0.001324
275.344818	0.003946
275.135590	0.000457
274.926392	0.000818
274.717224	0.000529
274.508057	0.002141
274.298920	0.000963
274.089783	0.001636
273.880676	0.000553
273.671570	0.000577
273.462494	0.002117
273.253418	0.002502
273.044373	0.000963
272.835327	0.000409
272.626312	0.001371
272.417328	0.00065
272.208344	0.002599
271.999359	0.000505
271.790405	0.000722
271.581482	0.001203
271.372559	0.002599
271.163635	0.002454
270.954742	0.000938
270.745880	0.000385
270.537018	0.002069
270.328186	0.000505
270.119354	0.000168
269.910553	0.002527
269.701752	0.000337
269.492981	0.003345
269.284210	0.000866
269.075470	0.002021
268.866760	0.002526
268.658051	0.001756
268.449341	0.002334
268.240662	0.001035
268.032013	0.00089
267.823364	0.000673
267.614716	0.001347
267.406097	0.001684
267.197510	0.000746
266.988922	0.003032
266.780365	0.000674
266.571808	0.002863
266.363281	0.001227
266.154755	0.001371
265.946258	0.001203
265.737762	0.000265
265.529297	0.000168
265.320862	0.003344
265.112427	0.000938
264.903992	0.000914
264.695587	0.000409
264.487213	0.000674
264.278839	0.000193
264.070496	0.002406
263.862152	0.001275
263.653809	0.002334
263.445526	0.000337
263.237213	0.000144
263.028961	0.00012
262.820679	0.000866
262.612457	0.000265
262.404236	0.000481
262.196014	0.00012
261.987823	0.000169
261.779663	0.000481
261.571503	0.000337
261.363342	0.000337
261.155212	0.001275
260.947113	0.000962
260.739014	0.000963
260.530945	0.000818
260.322876	0.00166
260.114838	0.000289
259.906799	0.000673
259.698792	0.002093
259.490784	0.001564
259.282806	0.001227
259.074829	0.000746
258.866882	0.001083
258.658966	0.001179
258.451050	0.000217
258.243133	0.001877
258.035248	0.000505
257.827393	0.000553
257.619537	0.000505
257.411713	0.000265
257.203888	0.002551
256.996094	0.0032
256.788300	0.000866
256.580536	0.000698
256.372772	0.00077
256.165039	0.001082
255.957321	0.000193
255.749618	0.00178
255.541931	0.001299
255.334259	0.000914
255.126602	0.001468
254.918976	0.001251
254.711350	0.000289
254.503738	0.000529
254.296158	0.00154
254.088577	0.001444
253.881027	0.00219
253.673492	0.001131
253.465958	0.001564
253.258453	0.001468
253.050964	0.000409
252.843491	0.000096
252.636032	0.001468
252.428589	0.001756
252.221161	0.001492
252.013763	0.000986
251.806366	0.002069
251.598984	0.001396
251.391632	0.000722
251.184280	0.001299
250.976959	0.000794
250.769653	0.002093
250.562363	0.001083
250.355072	0.001299
250.147812	0.001925
249.940567	0.002959
249.733353	0.000361
249.526138	0.003344
249.318939	0.000554
249.111755	0.000457
248.904602	0.00101
248.697449	0.003152
248.490326	0.001275
248.283218	0.000746
248.076111	0.000674
247.869034	0.002863
247.661972	0.000577
247.454926	0.000385
247.247894	0.0032
247.040878	0.004162
246.833878	0.001901
246.626907	0.001011
246.419937	0.002141
246.212997	0.000577
246.006058	0.000963
245.799149	0.000265
245.592239	0.000457
245.385361	0.000361
245.178497	0.002502
244.971649	0.001468
244.764816	0.000289
244.557999	0.002286
244.351196	0.000577
244.144424	0.000385
243.937653	0.000625
243.730896	0.00077
243.524170	0.000866
243.317459	0.001059
243.110748	0.000072
242.904068	0.001997
242.697403	0.000722
242.490753	0.000169
242.284119	0.002238
242.077499	0.00053
241.870895	0.001516
241.664322	0.002382
241.457748	0.001612
241.251190	0.001155
241.044662	0.000746
240.838150	0.002237
240.631638	0.000361
240.425156	0.000168
240.218689	0.000842
240.012237	0.000553
239.805801	0.002382
239.599380	0.001901
239.392975	0.001155
239.186600	0.001636
238.980225	0.000385
238.773880	0.002599
238.567535	0.001805
238.361221	0.000818
238.154922	0.00142
237.948639	0.000385
237.742371	0.000554
237.536118	0.001949
237.329880	0.00077
237.123657	0.001468
236.917450	0.00065
236.711273	0.001011
236.505096	0.001588
236.298950	0.001612
236.092804	0.002093
235.886688	0.001083
235.680588	0.000722
235.474503	0.000409
235.268433	0
235.062378	0.001083
234.856338	0.000216
234.650330	0.00397
234.444321	0.000289
234.238342	0.000625
234.032364	0.000433
233.826416	0.001853
233.620483	0.000602
233.414566	0.000024
233.208664	0.003032
233.002777	0.001636
232.796906	0.000481
232.591049	0.001107
232.385208	0.001467
232.179398	0.00308
231.973587	0.000217
231.767807	0.000602
231.562042	0.001083
231.356293	0.000866
231.150543	0.000457
230.944824	0.000024
230.739136	0.002069
230.533447	0.000457
230.327774	0.000337
230.122116	0.000962
229.916489	0.001395
229.710877	0.002093
229.505264	0.000072
229.299683	0.000409
229.094116	0.000698
228.888565	0.001155
228.683029	0.002214
228.477508	0.003873
228.272003	0.002815
228.066528	0.001299
227.861053	0.000409
227.655609	0.001131
227.450180	0.000818
227.244751	0.001708
227.039352	0.000625
226.833969	0.000842
226.628601	0.000866
226.423248	0.002502
226.217926	0.000385
226.012604	0.001708
225.807312	0.002622
225.602020	0.004379
225.396759	0.000505
225.191513	0.000048
224.986267	0.000987
224.781052	0.00089
224.575867	0.000818
224.370682	0.000048
224.165512	0.002767
223.960358	0.000457
223.755234	0.001275
223.550125	0.00332
223.345017	0.002238
223.139938	0.00065
222.934876	0.000313
222.729828	0.001636
222.524796	0.000578
222.319778	0.000698
222.114792	0.000169
221.909805	0.000241
221.704849	0.001083
221.499893	0.000313
221.294968	0.000337
221.090057	0.00178
220.885162	0.001059
220.680283	0.000385
220.475418	0.001348
220.270569	0.00065
220.065750	0.000072
219.860931	0.002767
219.656143	0
219.451370	0.000578
219.246597	0.000216
219.041855	0.001372
218.837128	0.001034
218.632431	0.000553
218.427734	0.000818
218.223053	0.000072
218.018402	0.000649
217.813751	0
217.609131	0.001107
217.404526	0.000746
217.199936	0.000626
216.995361	0.000866
216.790802	0.000529
216.586258	0.000553
216.381729	0.001732
216.177231	0.001299
215.972733	0.000554
215.768265	0.000698
215.563812	0.001396
215.359375	0.001636
215.154953	0.000409
214.950546	0.001997
214.746155	0.000337
214.541779	0.000962
214.337433	0.002478
214.133087	0.00255
213.928772	0.00065
213.724472	0.002406
213.520187	0.000794
213.315918	0.001155
213.111664	0.001107
212.907425	0.000938
212.703217	0.00077
212.499008	0.001684
212.294830	0.000241
212.090653	0.000241
211.886505	0.001155
211.682373	0.000938
211.478256	0.001323
211.274155	0.000746
211.070084	0.000265
210.866013	0.001973
210.661972	0.001804
210.457932	0.001083
210.253921	0.000553
210.049927	0.000361
209.845947	0.001107
209.641983	0.00065
209.438034	0.00065
209.234116	0.000938
209.030197	0.000794
208.826309	0.00154
208.622421	0.000385
208.418564	0.001588
208.214722	0.000505
208.010895	0.000986
207.807083	0.00243
207.603287	0.000481
207.399521	0
207.195755	0.000529
206.992020	0.000433
206.788300	0.000193
206.584595	0.002695
206.380905	0.000072
206.177231	0.000048
205.973572	0.000626
205.769928	0.000842
205.566315	0.001059
205.362717	0.000746
205.159119	0.000409
204.955551	0.00077
204.751999	0.000192
204.548462	0.000505
204.344940	0.001732
204.141449	0.000866
203.937958	0.000024
203.734497	0.000096
203.531036	0.00089
203.327606	0.002045
203.124191	0.000145
202.920792	0.000626
202.717422	0.001564
202.514053	0.000866
202.310699	0.000698
202.107376	0.000794
201.904068	0.001467
201.700760	0.001203
201.497482	0.000144
201.294220	0.000385
201.090988	0.001612
200.887756	0.002286
200.684540	0.000529
200.481354	0.001901
200.278183	0.001708
200.075028	0.001107
199.871887	0.001251
199.668762	0.001492
199.465653	0.000842
199.262558	0.000024
199.059494	0.00166
198.856430	0.001684
198.653397	0.00077
198.450378	0.001347
198.247376	0.003128
198.044388	0.002767
197.841415	0.000722
