300.0	4.2219e-07
300.2	4.953e-07
300.4	5.8107e-07
300.6	6.8168e-07
300.8	7.9973e-07
301.0	9.3821e-07
301.2	1.1007e-06
301.4	1.2913e-06
301.6	1.5149e-06
301.8	1.7772e-06
302.0	1.4143e-06
302.2	1.1233e-06
302.4	8.9221e-07
302.6	7.0865e-07
302.8	5.6285e-07
303.0	4.4705e-07
303.2	3.5507e-07
303.4	2.8202e-07
303.6	2.24e-07
303.8	1.7791e-07
304.0	1.9874e-07
304.2	2.4373e-07
304.4	2.9891e-07
304.6	3.6658e-07
304.8	4.4958e-07
305.0	5.5136e-07
305.2	6.7619e-07
305.4	8.2928e-07
305.6	1.017e-06
305.8	1.2473e-06
306.0	1.1971e-06
306.2	9.5854e-07
306.4	7.6752e-07
306.6	6.1456e-07
306.8	4.9209e-07
307.0	3.9402e-07
307.2	3.155e-07
307.4	2.5262e-07
307.6	2.0228e-07
307.8	1.6197e-07
308.0	1.4867e-07
308.2	1.722e-07
308.4	1.9946e-07
308.6	2.3103e-07
308.8	2.676e-07
309.0	3.0995e-07
309.2	3.5901e-07
309.4	4.1584e-07
309.6	4.8166e-07
309.8	5.579e-07
310.0	6.4438e-07
310.2	7.2051e-07
310.4	8.0564e-07
310.6	9.0083e-07
310.8	1.0073e-06
311.0	1.1263e-06
311.2	1.2593e-06
311.4	1.4081e-06
311.6	1.5745e-06
311.8	1.7605e-06
312.0	1.3765e-06
312.2	1.0665e-06
312.4	8.2624e-07
312.6	6.4013e-07
312.8	4.9594e-07
313.0	3.8423e-07
313.2	2.9768e-07
313.4	2.3063e-07
313.6	1.7868e-07
313.8	1.3843e-07
314.0	1.4891e-07
314.2	1.7718e-07
314.4	2.1081e-07
314.6	2.5082e-07
314.8	2.9843e-07
315.0	3.5508e-07
315.2	4.2248e-07
315.4	5.0267e-07
315.6	5.9809e-07
315.8	7.1161e-07
316.0	7.4861e-07
316.2	7.1631e-07
316.4	6.8541e-07
316.6	6.5584e-07
316.8	6.2754e-07
317.0	6.0047e-07
317.2	5.7457e-07
317.4	5.4978e-07
317.6	5.2606e-07
317.8	5.0336e-07
318.0	4.9629e-07
318.2	5.155e-07
318.4	5.3544e-07
318.6	5.5616e-07
318.8	5.7768e-07
319.0	6.0004e-07
319.2	6.2326e-07
319.4	6.4737e-07
319.6	6.7242e-07
319.8	6.9844e-07
320.0	7.1181e-07
320.2	5.8304e-07
320.4	4.7757e-07
320.6	3.9117e-07
320.8	3.2041e-07
321.0	2.6244e-07
321.2	2.1497e-07
321.4	1.7608e-07
321.6	1.4422e-07
321.8	1.1813e-07
322.0	1.4174e-07
322.2	1.714e-07
322.4	2.0727e-07
322.6	2.5064e-07
322.8	3.0308e-07
323.0	3.665e-07
323.2	4.4319e-07
323.4	5.3593e-07
323.6	6.4807e-07
323.8	7.8367e-07
324.0	7.7122e-07
324.2	7.1613e-07
324.4	6.6497e-07
324.6	6.1746e-07
324.8	5.7335e-07
325.0	5.3239e-07
325.2	4.9436e-07
325.4	4.5904e-07
325.6	4.2625e-07
325.8	3.958e-07
326.0	3.9667e-07
326.2	4.2014e-07
326.4	4.4499e-07
326.6	4.7131e-07
326.8	4.9919e-07
327.0	5.2872e-07
327.2	5.5999e-07
327.4	5.9312e-07
327.6	6.282e-07
327.8	6.6536e-07
328.0	6.8156e-07
328.2	6.6187e-07
328.4	6.4274e-07
328.6	6.2417e-07
328.8	6.0614e-07
329.0	5.8863e-07
329.2	5.7162e-07
329.4	5.551e-07
329.6	5.3907e-07
329.8	5.2349e-07
330.0	4.9901e-07
330.2	3.985e-07
330.4	3.1824e-07
330.6	2.5414e-07
330.8	2.0295e-07
331.0	1.6208e-07
331.2	1.2943e-07
331.4	1.0336e-07
331.6	8.2545e-08
331.8	6.5919e-08
332.0	7.8513e-08
332.2	9.55e-08
332.4	1.1616e-07
332.6	1.413e-07
332.8	1.7187e-07
333.0	2.0905e-07
333.2	2.5428e-07
333.4	3.093e-07
333.6	3.7622e-07
333.8	4.5762e-07
334.0	5.0196e-07
334.2	5.3243e-07
334.4	5.6475e-07
334.6	5.9904e-07
334.8	6.354e-07
335.0	6.7397e-07
335.2	7.1488e-07
335.4	7.5828e-07
335.6	8.0431e-07
335.8	8.5313e-07
336.0	7.4598e-07
336.2	5.6215e-07
336.4	4.2362e-07
336.6	3.1923e-07
336.8	2.4057e-07
337.0	1.8128e-07
337.2	1.3661e-07
337.4	1.0295e-07
337.6	7.7578e-08
337.8	5.8461e-08
338.0	5.1849e-08
338.2	6.033e-08
338.4	7.0197e-08
338.6	8.1679e-08
338.8	9.5039e-08
339.0	1.1058e-07
339.2	1.2867e-07
339.4	1.4972e-07
339.6	1.742e-07
339.8	2.027e-07
340.0	2.3479e-07
340.2	2.6054e-07
340.4	2.8912e-07
340.6	3.2083e-07
340.8	3.5602e-07
341.0	3.9507e-07
341.2	4.384e-07
341.4	4.8649e-07
341.6	5.3985e-07
341.8	5.9906e-07
342.0	4.6826e-07
342.2	3.5649e-07
342.4	2.714e-07
342.6	2.0662e-07
342.8	1.573e-07
343.0	1.1976e-07
343.2	9.1173e-08
343.4	6.9412e-08
343.6	5.2844e-08
343.8	4.0231e-08
344.0	4.4117e-08
344.2	5.4998e-08
344.4	6.8561e-08
344.6	8.547e-08
344.8	1.0655e-07
345.0	1.3283e-07
345.2	1.6558e-07
345.4	2.0642e-07
345.6	2.5733e-07
345.8	3.2079e-07
346.0	3.122e-07
346.2	2.4914e-07
346.4	1.9881e-07
346.6	1.5865e-07
346.8	1.266e-07
347.0	1.0103e-07
347.2	8.0621e-08
347.4	6.4335e-08
347.6	5.1339e-08
347.8	4.0968e-08
348.0	3.6815e-08
348.2	4.0325e-08
348.4	4.4169e-08
348.6	4.8379e-08
348.8	5.299e-08
349.0	5.8041e-08
349.2	6.3574e-08
349.4	6.9634e-08
349.6	7.6272e-08
349.8	8.3542e-08
350.0	9.1815e-08
350.2	1.0421e-07
350.4	1.1827e-07
350.6	1.3423e-07
350.8	1.5235e-07
351.0	1.7291e-07
351.2	1.9625e-07
351.4	2.2273e-07
351.6	2.5279e-07
351.8	2.8691e-07
352.0	3.0933e-07
352.2	3.3221e-07
352.4	3.5679e-07
352.6	3.8318e-07
352.8	4.1153e-07
353.0	4.4198e-07
353.2	4.7467e-07
353.4	5.0979e-07
353.6	5.475e-07
353.8	5.8801e-07
354.0	4.9036e-07
354.2	3.75e-07
354.4	2.8679e-07
354.6	2.1932e-07
354.8	1.6773e-07
355.0	1.2827e-07
355.2	9.8097e-08
355.4	7.502e-08
355.6	5.7372e-08
355.8	4.3876e-08
356.0	4.5156e-08
356.2	5.8412e-08
356.4	7.5559e-08
356.6	9.7739e-08
356.8	1.2643e-07
357.0	1.6354e-07
357.2	2.1155e-07
357.4	2.7365e-07
357.6	3.5398e-07
357.8	4.5789e-07
358.0	5.3889e-07
358.2	5.4704e-07
358.4	5.5531e-07
358.6	5.6371e-07
358.8	5.7224e-07
359.0	5.809e-07
359.2	5.8969e-07
359.4	5.9861e-07
359.6	6.0766e-07
359.8	6.1685e-07
360.0	6.0538e-07
360.2	4.4546e-07
360.4	3.2778e-07
360.6	2.4119e-07
360.8	1.7748e-07
361.0	1.3059e-07
361.2	9.6094e-08
361.4	7.0709e-08
361.6	5.203e-08
361.8	3.8285e-08
362.0	4.3529e-08
362.2	5.0884e-08
362.4	5.9483e-08
362.6	6.9535e-08
362.8	8.1286e-08
363.0	9.5022e-08
363.2	1.1108e-07
363.4	1.2985e-07
363.6	1.5179e-07
363.8	1.7745e-07
364.0	1.9038e-07
364.2	1.9894e-07
364.4	2.0788e-07
364.6	2.1723e-07
364.8	2.27e-07
365.0	2.3721e-07
365.2	2.4788e-07
365.4	2.5902e-07
365.6	2.7067e-07
365.8	2.8284e-07
366.0	3.0983e-07
366.2	3.5069e-07
366.4	3.9694e-07
366.6	4.4929e-07
366.8	5.0854e-07
367.0	5.7561e-07
367.2	6.5153e-07
367.4	7.3745e-07
367.6	8.3471e-07
367.8	9.448e-07
368.0	1.0077e-06
368.2	9.8835e-07
368.4	9.694e-07
368.6	9.5081e-07
368.8	9.3257e-07
369.0	9.1469e-07
369.2	8.9714e-07
369.4	8.7994e-07
369.6	8.6306e-07
369.8	8.4651e-07
370.0	8.3018e-07
370.2	8.1356e-07
370.4	7.9727e-07
370.6	7.813e-07
370.8	7.6566e-07
371.0	7.5033e-07
371.2	7.353e-07
371.4	7.2058e-07
371.6	7.0615e-07
371.8	6.9201e-07
372.0	6.9934e-07
372.2	7.0826e-07
372.4	7.1729e-07
372.6	7.2644e-07
372.8	7.357e-07
373.0	7.4509e-07
373.2	7.5459e-07
373.4	7.6421e-07
373.6	7.7396e-07
373.8	7.8383e-07
374.0	7.8366e-07
374.2	7.8038e-07
374.4	7.7712e-07
374.6	7.7388e-07
374.8	7.7065e-07
375.0	7.6743e-07
375.2	7.6422e-07
375.4	7.6103e-07
375.6	7.5785e-07
375.8	7.5469e-07
376.0	7.417e-07
376.2	7.2256e-07
376.4	7.0392e-07
376.6	6.8575e-07
376.8	6.6806e-07
377.0	6.5082e-07
377.2	6.3403e-07
377.4	6.1767e-07
377.6	6.0173e-07
377.8	5.862e-07
378.0	5.3658e-07
378.2	4.5223e-07
378.4	3.8113e-07
378.6	3.2122e-07
378.8	2.7072e-07
379.0	2.2816e-07
379.2	1.9229e-07
379.4	1.6206e-07
379.6	1.3659e-07
379.8	1.1511e-07
380.0	9.8391e-08
380.2	9.2031e-08
380.4	8.6081e-08
380.6	8.0516e-08
380.8	7.5311e-08
381.0	7.0443e-08
381.2	6.5889e-08
381.4	6.1629e-08
381.6	5.7645e-08
381.8	5.3919e-08
382.0	7.0941e-08
382.2	9.5955e-08
382.4	1.2979e-07
382.6	1.7555e-07
382.8	2.3746e-07
383.0	3.2119e-07
383.2	4.3444e-07
383.4	5.8762e-07
383.6	7.9482e-07
383.8	1.0751e-06
384.0	1.1982e-06
384.2	1.2562e-06
384.4	1.317e-06
384.6	1.3807e-06
384.8	1.4475e-06
385.0	1.5175e-06
385.2	1.591e-06
385.4	1.668e-06
385.6	1.7487e-06
385.8	1.8333e-06
386.0	1.8725e-06
386.2	1.8794e-06
386.4	1.8864e-06
386.6	1.8934e-06
386.8	1.9004e-06
387.0	1.9074e-06
387.2	1.9145e-06
387.4	1.9216e-06
387.6	1.9287e-06
387.8	1.9359e-06
388.0	1.8591e-06
388.2	1.6879e-06
388.4	1.5324e-06
388.6	1.3912e-06
388.8	1.263e-06
389.0	1.1467e-06
389.2	1.0411e-06
389.4	9.4515e-07
389.6	8.5808e-07
389.8	7.7904e-07
390.0	7.0811e-07
390.2	6.4839e-07
390.4	5.937e-07
390.6	5.4363e-07
390.8	4.9778e-07
391.0	4.5579e-07
391.2	4.1735e-07
391.4	3.8215e-07
391.6	3.4992e-07
391.8	3.204e-07
392.0	2.9727e-07
392.2	2.7614e-07
392.4	2.5652e-07
392.6	2.3829e-07
392.8	2.2136e-07
393.0	2.0563e-07
393.2	1.9101e-07
393.4	1.7744e-07
393.6	1.6483e-07
393.8	1.5312e-07
394.0	1.2827e-07
394.2	1.04e-07
394.4	8.4327e-08
394.6	6.8374e-08
394.8	5.5439e-08
395.0	4.4951e-08
395.2	3.6447e-08
395.4	2.9552e-08
395.6	2.3961e-08
395.8	1.9428e-08
396.0	1.7807e-08
396.2	1.7711e-08
396.4	1.7615e-08
396.6	1.752e-08
396.8	1.7425e-08
397.0	1.7331e-08
397.2	1.7238e-08
397.4	1.7145e-08
397.6	1.7052e-08
397.8	1.696e-08
398.0	1.8883e-08
398.2	2.413e-08
398.4	3.0836e-08
398.6	3.9405e-08
398.8	5.0356e-08
399.0	6.4351e-08
399.2	8.2234e-08
399.4	1.0509e-07
399.6	1.3429e-07
399.8	1.7161e-07
400.0	2.0619e-07
400.2	1.7466e-07
400.4	1.4796e-07
400.6	1.2534e-07
400.8	1.0617e-07
401.0	8.9939e-08
401.2	7.6188e-08
401.4	6.4539e-08
401.6	5.4671e-08
401.8	4.6312e-08
402.0	5.1962e-08
402.2	6.0579e-08
402.4	7.0626e-08
402.6	8.2338e-08
402.8	9.5992e-08
403.0	1.1191e-07
403.2	1.3047e-07
403.4	1.521e-07
403.6	1.7733e-07
403.8	2.0674e-07
404.0	2.1007e-07
404.2	2.0288e-07
404.4	1.9593e-07
404.6	1.8922e-07
404.8	1.8275e-07
405.0	1.7649e-07
405.2	1.7045e-07
405.4	1.6461e-07
405.6	1.5898e-07
405.8	1.5354e-07
406.0	1.4711e-07
406.2	1.4016e-07
406.4	1.3353e-07
406.6	1.2722e-07
406.8	1.212e-07
407.0	1.1547e-07
407.2	1.1001e-07
407.4	1.0481e-07
407.6	9.9853e-08
407.8	9.5132e-08
408.0	1.0211e-07
408.2	1.2838e-07
408.4	1.614e-07
408.6	2.0291e-07
408.8	2.551e-07
409.0	3.2071e-07
409.2	4.032e-07
409.4	5.069e-07
409.6	6.3728e-07
409.8	8.0119e-07
410.0	9.7523e-07
410.2	9.7332e-07
410.4	9.7142e-07
410.6	9.6952e-07
410.8	9.6762e-07
411.0	9.6573e-07
411.2	9.6384e-07
411.4	9.6196e-07
411.6	9.6008e-07
411.8	9.582e-07
412.0	8.4741e-07
412.2	7.3659e-07
412.4	6.4026e-07
412.6	5.5654e-07
412.8	4.8376e-07
413.0	4.2049e-07
413.2	3.655e-07
413.4	3.1771e-07
413.6	2.7616e-07
413.8	2.4005e-07
414.0	2.5139e-07
414.2	2.8205e-07
414.4	3.1645e-07
414.6	3.5505e-07
414.8	3.9836e-07
415.0	4.4694e-07
415.2	5.0146e-07
415.4	5.6262e-07
415.6	6.3125e-07
415.8	7.0824e-07
416.0	7.4132e-07
416.2	7.3866e-07
416.4	7.36e-07
416.6	7.3336e-07
416.8	7.3072e-07
417.0	7.281e-07
417.2	7.2548e-07
417.4	7.2287e-07
417.6	7.2028e-07
417.8	7.1769e-07
418.0	7.2903e-07
418.2	7.5857e-07
418.4	7.8931e-07
418.6	8.213e-07
418.8	8.5458e-07
419.0	8.8921e-07
419.2	9.2524e-07
419.4	9.6274e-07
419.6	1.0018e-06
419.8	1.0423e-06
420.0	1.0771e-06
420.2	1.0719e-06
420.4	1.0667e-06
420.6	1.0616e-06
420.8	1.0564e-06
421.0	1.0513e-06
421.2	1.0462e-06
421.4	1.0412e-06
421.6	1.0361e-06
421.8	1.0311e-06
422.0	1.0855e-06
422.2	1.1507e-06
422.4	1.2199e-06
422.6	1.2932e-06
422.8	1.3709e-06
423.0	1.4533e-06
423.2	1.5406e-06
423.4	1.6332e-06
423.6	1.7314e-06
423.8	1.8354e-06
424.0	1.9457e-06
424.2	2.0626e-06
424.4	2.1866e-06
424.6	2.3051e-06
424.8	2.4281e-06
425.0	2.5577e-06
425.2	2.6942e-06
425.4	2.8379e-06
425.6	2.9894e-06
425.8	3.1489e-06
426.0	3.3169e-06
426.2	3.4939e-06
426.4	3.5769e-06
426.6	3.3541e-06
426.8	3.1452e-06
427.0	2.9493e-06
427.2	2.7656e-06
427.4	2.5933e-06
427.6	2.4318e-06
427.8	2.2803e-06
428.0	2.1383e-06
428.2	2.0051e-06
428.4	1.908e-06
428.6	2.045e-06
428.8	2.1917e-06
429.0	2.349e-06
429.2	2.5176e-06
429.4	2.6983e-06
429.6	2.8919e-06
429.8	3.0995e-06
430.0	3.3219e-06
430.2	3.5603e-06
430.4	3.8159e-06
430.6	3.4568e-06
430.8	3.1181e-06
431.0	2.8126e-06
431.2	2.537e-06
431.4	2.2884e-06
431.6	2.0641e-06
431.8	1.8619e-06
432.0	1.6794e-06
432.2	1.5149e-06
432.4	1.3664e-06
432.6	1.2325e-06
432.8	1.1118e-06
433.0	1.1172e-06
433.2	1.2651e-06
433.4	1.4326e-06
433.6	1.6222e-06
433.8	1.8369e-06
434.0	2.08e-06
434.2	2.3553e-06
434.4	2.667e-06
434.6	3.0201e-06
434.8	3.4198e-06
435.0	3.6982e-06
435.2	3.2968e-06
435.4	2.9391e-06
435.6	2.6201e-06
435.8	2.3358e-06
436.0	2.0823e-06
436.2	1.8563e-06
436.4	1.6548e-06
436.6	1.4753e-06
436.8	1.3152e-06
437.0	1.1724e-06
437.2	1.3394e-06
437.4	1.532e-06
437.6	1.7523e-06
437.8	2.0043e-06
438.0	2.2926e-06
438.2	2.6223e-06
438.4	2.9995e-06
438.6	3.4308e-06
438.8	3.9242e-06
439.0	4.4886e-06
439.2	4.0195e-06
439.4	3.4645e-06
439.6	2.9861e-06
439.8	2.5738e-06
440.0	2.2185e-06
440.2	1.9121e-06
440.4	1.6481e-06
440.6	1.4206e-06
440.8	1.2244e-06
441.0	1.0554e-06
441.2	1.092e-06
441.4	1.207e-06
441.6	1.334e-06
441.8	1.4743e-06
442.0	1.6295e-06
442.2	1.801e-06
442.4	1.9905e-06
442.6	2.2e-06
442.8	2.4315e-06
443.0	2.6874e-06
443.2	2.731e-06
443.4	2.6303e-06
443.6	2.5334e-06
443.8	2.44e-06
444.0	2.35e-06
444.2	2.2634e-06
444.4	2.1799e-06
444.6	2.0996e-06
444.8	2.0222e-06
445.0	1.9476e-06
445.2	1.7287e-06
445.4	1.5344e-06
445.6	1.3619e-06
445.8	1.2088e-06
446.0	1.0729e-06
446.2	9.5229e-07
446.4	8.4524e-07
446.6	7.5022e-07
446.8	6.6588e-07
447.0	5.9103e-07
447.2	6.9031e-07
447.4	8.0852e-07
447.6	9.4696e-07
447.8	1.1091e-06
448.0	1.299e-06
448.2	1.5214e-06
448.4	1.782e-06
448.6	2.0871e-06
448.8	2.4444e-06
449.0	2.863e-06
449.2	2.4359e-06
449.4	1.9717e-06
449.6	1.596e-06
449.8	1.2919e-06
450.0	1.0457e-06
450.2	8.4642e-07
450.4	6.8512e-07
450.6	5.5456e-07
450.8	4.4888e-07
451.0	3.6334e-07
451.2	3.9187e-07
451.4	4.6748e-07
451.6	5.5767e-07
451.8	6.6526e-07
452.0	7.9362e-07
452.2	9.4673e-07
452.4	1.1294e-06
452.6	1.3473e-06
452.8	1.6072e-06
453.0	1.9173e-06
453.2	1.7531e-06
453.4	1.3618e-06
453.6	1.0578e-06
453.8	8.2168e-07
454.0	6.3827e-07
454.2	4.958e-07
454.4	3.8513e-07
454.6	2.9917e-07
454.8	2.3239e-07
455.0	1.8052e-07
455.2	2.1816e-07
455.4	2.6365e-07
455.6	3.1863e-07
455.8	3.8507e-07
456.0	4.6537e-07
456.2	5.6241e-07
456.4	6.7969e-07
456.6	8.2142e-07
456.8	9.9271e-07
457.0	1.1971e-06
457.2	9.3948e-07
457.4	7.3728e-07
457.6	5.786e-07
457.8	4.5407e-07
458.0	3.5634e-07
458.2	2.7965e-07
458.4	2.1946e-07
458.6	1.7223e-07
458.8	1.3516e-07
459.0	1.0607e-07
459.2	1.1033e-07
459.4	1.1904e-07
459.6	1.2843e-07
459.8	1.3856e-07
460.0	1.495e-07
460.2	1.613e-07
460.4	1.7403e-07
460.6	1.8776e-07
460.8	2.0258e-07
461.0	2.1856e-07
461.2	2.2197e-07
461.4	2.2139e-07
461.6	2.2081e-07
461.8	2.2023e-07
462.0	2.1965e-07
462.2	2.1908e-07
462.4	2.185e-07
462.6	2.1793e-07
462.8	2.1736e-07
463.0	2.1679e-07
463.2	1.8845e-07
463.4	1.5237e-07
463.6	1.232e-07
463.8	9.9615e-08
464.0	8.0544e-08
464.2	6.5124e-08
464.4	5.2656e-08
464.6	4.2576e-08
464.8	3.4425e-08
465.0	2.7834e-08
465.2	3.7084e-08
465.4	4.9408e-08
465.6	6.5827e-08
465.8	8.7702e-08
466.0	1.1685e-07
466.2	1.5568e-07
466.4	2.0741e-07
466.6	2.7634e-07
466.8	3.6817e-07
467.0	4.9052e-07
467.2	3.946e-07
467.4	3.1252e-07
467.6	2.4751e-07
467.8	1.9603e-07
468.0	1.5525e-07
468.2	1.2296e-07
468.4	9.7381e-08
468.6	7.7125e-08
468.8	6.1082e-08
469.0	4.8377e-08
469.2	4.9043e-08
469.4	5.1844e-08
469.6	5.4804e-08
469.8	5.7934e-08
470.0	6.1243e-08
470.2	6.4741e-08
470.4	6.8438e-08
470.6	7.2347e-08
470.8	7.6479e-08
471.0	8.0847e-08
471.2	9.5415e-08
471.4	1.1693e-07
471.6	1.4331e-07
471.8	1.7563e-07
472.0	2.1524e-07
472.2	2.6379e-07
472.4	3.2328e-07
472.6	3.962e-07
472.8	4.8555e-07
473.0	5.9507e-07
473.2	5.2222e-07
473.4	3.7824e-07
473.6	2.7395e-07
473.8	1.9842e-07
474.0	1.4372e-07
474.2	1.0409e-07
474.4	7.5393e-08
474.6	5.4606e-08
474.8	3.9551e-08
475.0	2.8646e-08
475.2	3.2303e-08
475.4	3.6427e-08
475.6	4.1078e-08
475.8	4.6322e-08
476.0	5.2235e-08
476.2	5.8903e-08
476.4	6.6423e-08
476.6	7.4902e-08
476.8	8.4464e-08
477.0	9.5247e-08
477.2	1.1492e-07
477.4	1.3876e-07
477.6	1.6754e-07
477.8	2.0228e-07
478.0	2.4423e-07
478.2	2.9489e-07
478.4	3.5605e-07
478.6	4.2989e-07
478.8	5.1905e-07
479.0	6.267e-07
479.2	6.6202e-07
479.4	6.8671e-07
479.6	7.1232e-07
479.8	7.3889e-07
480.0	7.6644e-07
480.2	7.9503e-07
480.4	8.2468e-07
480.6	8.5543e-07
480.8	8.8733e-07
481.0	9.2042e-07
481.2	7.7259e-07
481.4	6.0984e-07
481.6	4.8137e-07
481.8	3.7997e-07
482.0	2.9993e-07
482.2	2.3675e-07
482.4	1.8687e-07
482.6	1.4751e-07
482.8	1.1643e-07
483.0	9.1907e-08
483.2	7.846e-08
483.4	6.9557e-08
483.6	6.1663e-08
483.8	5.4666e-08
484.0	4.8462e-08
484.2	4.2963e-08
484.4	3.8087e-08
484.6	3.3765e-08
484.8	2.9933e-08
485.0	2.6537e-08
485.2	3.5302e-08
485.4	4.6962e-08
485.6	6.2474e-08
485.8	8.3109e-08
486.0	1.1056e-07
486.2	1.4708e-07
486.4	1.9566e-07
486.6	2.6029e-07
486.8	3.4626e-07
487.0	4.6063e-07
487.2	3.6224e-07
487.4	2.7789e-07
487.6	2.1319e-07
487.8	1.6355e-07
488.0	1.2547e-07
488.2	9.6252e-08
488.4	7.3841e-08
488.6	5.6647e-08
488.8	4.3457e-08
489.0	3.3339e-08
489.2	4.0675e-08
489.4	5.3689e-08
489.6	7.0867e-08
489.8	9.3541e-08
490.0	1.2347e-07
490.2	1.6297e-07
490.4	2.1512e-07
490.6	2.8394e-07
490.8	3.7479e-07
491.0	4.947e-07
491.2	4.2972e-07
491.4	3.2587e-07
491.6	2.4712e-07
491.8	1.8741e-07
492.0	1.4212e-07
492.2	1.0777e-07
492.4	8.173e-08
492.6	6.198e-08
492.8	4.7002e-08
493.0	3.5644e-08
493.2	3.9045e-08
493.4	5.1692e-08
493.6	6.8435e-08
493.8	9.0601e-08
494.0	1.1995e-07
494.2	1.588e-07
494.4	2.1023e-07
494.6	2.7833e-07
494.8	3.6848e-07
495.0	4.8783e-07
495.2	3.4888e-07
495.4	2.4951e-07
495.6	1.7844e-07
495.8	1.2762e-07
496.0	9.1267e-08
496.2	6.5271e-08
496.4	4.668e-08
496.6	3.3384e-08
496.8	2.3875e-08
497.0	1.7075e-08
497.2	2.1843e-08
497.4	2.8812e-08
497.6	3.8004e-08
497.8	5.0128e-08
498.0	6.6121e-08
498.2	8.7216e-08
498.4	1.1504e-07
498.6	1.5174e-07
498.8	2.0015e-07
499.0	2.6401e-07
499.2	2.2998e-07
499.4	1.8673e-07
499.6	1.5162e-07
499.8	1.231e-07
500.0	9.9953e-08
500.2	8.1156e-08
500.4	6.5894e-08
500.6	5.3502e-08
500.8	4.344e-08
501.0	3.5271e-08
501.2	3.5589e-08
501.4	3.8387e-08
501.6	4.1407e-08
501.8	4.4663e-08
502.0	4.8176e-08
502.2	5.1965e-08
502.4	5.6052e-08
502.6	6.046e-08
502.8	6.5215e-08
503.0	7.0344e-08
503.2	6.3485e-08
503.4	5.2581e-08
503.6	4.355e-08
503.8	3.607e-08
504.0	2.9875e-08
504.2	2.4744e-08
504.4	2.0494e-08
504.6	1.6974e-08
504.8	1.4059e-08
505.0	1.1644e-08
505.2	9.162e-09
505.4	7.2091e-09
505.6	5.6725e-09
505.8	4.4634e-09
506.0	3.512e-09
506.2	2.7634e-09
506.4	2.1744e-09
506.6	1.7109e-09
506.8	1.3462e-09
507.0	1.0593e-09
507.2	1.3159e-09
507.4	1.6621e-09
507.6	2.0992e-09
507.8	2.6514e-09
508.0	3.3488e-09
508.2	4.2296e-09
508.4	5.3421e-09
508.6	6.7472e-09
508.8	8.5219e-09
509.0	1.0763e-08
509.2	8.9845e-09
509.4	7.0687e-09
509.6	5.5615e-09
509.8	4.3756e-09
510.0	3.4426e-09
510.2	2.7086e-09
510.4	2.131e-09
510.6	1.6766e-09
510.8	1.3191e-09
511.0	1.0379e-09
511.2	1.0394e-09
511.4	1.11e-09
511.6	1.1853e-09
511.8	1.2657e-09
512.0	1.3516e-09
512.2	1.4434e-09
512.4	1.5413e-09
512.6	1.6459e-09
512.8	1.7576e-09
513.0	1.8769e-09
513.2	2.0431e-09
513.4	2.242e-09
513.6	2.4602e-09
513.8	2.6997e-09
514.0	2.9624e-09
514.2	3.2508e-09
514.4	3.5672e-09
514.6	3.9144e-09
514.8	4.2954e-09
515.0	4.7135e-09
515.2	5.3863e-09
515.4	6.1551e-09
515.6	7.0336e-09
515.8	8.0376e-09
516.0	9.1848e-09
516.2	1.0496e-08
516.4	1.1994e-08
516.6	1.3706e-08
516.8	1.5662e-08
517.0	1.7898e-08
517.2	1.587e-08
517.4	1.3785e-08
517.6	1.1974e-08
517.8	1.0401e-08
518.0	9.0347e-09
518.2	7.8479e-09
518.4	6.8169e-09
518.6	5.9214e-09
518.8	5.1435e-09
519.0	4.4678e-09
519.2	3.8146e-09
519.4	3.2462e-09
519.6	2.7625e-09
519.8	2.3508e-09
520.0	2.0006e-09
520.2	1.7025e-09
520.4	1.4488e-09
520.6	1.2329e-09
520.8	1.0492e-09
521.0	8.9285e-10
521.2	8.5677e-10
521.4	8.5393e-10
521.6	8.511e-10
521.8	8.4828e-10
522.0	8.4547e-10
522.2	8.4267e-10
522.4	8.3988e-10
522.6	8.371e-10
522.8	8.3432e-10
523.0	8.3156e-10
523.2	8.5345e-10
523.4	8.8781e-10
523.6	9.2355e-10
523.8	9.6073e-10
524.0	9.9941e-10
524.2	1.0396e-09
524.4	1.0815e-09
524.6	1.125e-09
524.8	1.1703e-09
525.0	1.2174e-09
525.2	1.4654e-09
525.4	1.7638e-09
525.6	2.1231e-09
525.8	2.5555e-09
526.0	3.0759e-09
526.2	3.7024e-09
526.4	4.4565e-09
526.6	5.3641e-09
526.8	6.4566e-09
527.0	7.7716e-09
527.2	7.911e-09
527.4	7.9673e-09
527.6	8.024e-09
527.8	8.0811e-09
528.0	8.1386e-09
528.2	8.1965e-09
528.4	8.2548e-09
528.6	8.3136e-09
528.8	8.3727e-09
529.0	8.4323e-09
529.2	8.1069e-09
529.4	7.7378e-09
529.6	7.3856e-09
529.8	7.0493e-09
530.0	6.7284e-09
530.2	6.4221e-09
530.4	6.1297e-09
530.6	5.8506e-09
530.8	5.5842e-09
531.0	5.33e-09
531.2	4.7758e-09
531.4	4.2079e-09
531.6	3.7076e-09
531.8	3.2667e-09
532.0	2.8783e-09
532.2	2.536e-09
532.4	2.2345e-09
532.6	1.9688e-09
532.8	1.7347e-09
533.0	1.5284e-09
533.2	1.4015e-09
533.4	1.3052e-09
533.6	1.2155e-09
533.8	1.132e-09
534.0	1.0542e-09
534.2	9.8176e-10
534.4	9.143e-10
534.6	8.5148e-10
534.8	7.9297e-10
535.0	7.3849e-10
535.2	7.3584e-10
535.4	7.3321e-10
535.6	7.3059e-10
535.8	7.2797e-10
536.0	7.2537e-10
536.2	7.2277e-10
536.4	7.2019e-10
536.6	7.1761e-10
536.8	7.1504e-10
537.0	7.1248e-10
537.2	7.1092e-10
537.4	7.0944e-10
537.6	7.0795e-10
537.8	7.0647e-10
538.0	7.05e-10
538.2	7.0352e-10
538.4	7.0205e-10
538.6	7.0058e-10
538.8	6.9912e-10
539.0	6.9766e-10
539.2	6.97e-10
539.4	6.9648e-10
539.6	6.9595e-10
539.8	6.9543e-10
540.0	6.949e-10
540.2	6.9438e-10
540.4	6.9386e-10
540.6	6.9333e-10
540.8	6.9281e-10
541.0	6.9229e-10
541.2	6.9151e-10
541.4	6.9066e-10
541.6	6.8981e-10
541.8	6.8896e-10
542.0	6.8812e-10
542.2	6.8727e-10
542.4	6.8643e-10
542.6	6.8559e-10
542.8	6.8474e-10
543.0	6.839e-10
543.2	6.8292e-10
543.4	6.8189e-10
543.6	6.8087e-10
543.8	6.7984e-10
544.0	6.7882e-10
544.2	6.7779e-10
544.4	6.7677e-10
544.6	6.7575e-10
544.8	6.7474e-10
545.0	6.7372e-10
545.2	6.731e-10
545.4	6.7249e-10
545.6	6.7188e-10
545.8	6.7127e-10
546.0	6.7066e-10
546.2	6.7005e-10
546.4	6.6944e-10
546.6	6.6883e-10
546.8	6.6822e-10
547.0	6.6762e-10
547.2	7.7034e-10
547.4	9.0321e-10
547.6	1.059e-09
547.8	1.2416e-09
548.0	1.4558e-09
548.2	1.7069e-09
548.4	2.0013e-09
548.6	2.3465e-09
548.8	2.7512e-09
549.0	3.2257e-09
549.2	3.5822e-09
549.4	3.9372e-09
549.6	4.3274e-09
549.8	4.7563e-09
550.0	5.2277e-09
550.2	5.7458e-09
550.4	6.3152e-09
550.6	6.9411e-09
550.8	7.629e-09
551.0	8.3851e-09
551.2	7.0174e-09
551.4	5.4383e-09
551.6	4.2145e-09
551.8	3.2661e-09
552.0	2.5311e-09
552.2	1.9615e-09
552.4	1.5201e-09
552.6	1.1781e-09
552.8	9.1296e-10
553.0	7.0751e-10
553.2	8.1891e-10
553.4	1.1079e-09
553.6	1.4988e-09
553.8	2.0276e-09
554.0	2.7431e-09
554.2	3.711e-09
554.4	5.0204e-09
554.6	6.7918e-09
554.8	9.1884e-09
555.0	1.2431e-08
555.2	1.2487e-08
555.4	1.2449e-08
555.6	1.2411e-08
555.8	1.2373e-08
556.0	1.2335e-08
556.2	1.2297e-08
556.4	1.2259e-08
556.6	1.2221e-08
556.8	1.2184e-08
557.0	1.2146e-08
557.2	1.0796e-08
557.4	9.4539e-09
557.6	8.2786e-09
557.8	7.2494e-09
558.0	6.3481e-09
558.2	5.5589e-09
558.4	4.8678e-09
558.6	4.2627e-09
558.8	3.7327e-09
559.0	3.2687e-09
559.2	3.3857e-09
559.4	3.6295e-09
559.6	3.8909e-09
559.8	4.1712e-09
560.0	4.4716e-09
560.2	4.7937e-09
560.4	5.139e-09
560.6	5.5091e-09
560.8	5.9059e-09
561.0	6.3313e-09
561.2	6.3802e-09
561.4	6.315e-09
561.6	6.2505e-09
561.8	6.1866e-09
562.0	6.1234e-09
562.2	6.0609e-09
562.4	5.999e-09
562.6	5.9377e-09
562.8	5.877e-09
563.0	5.817e-09
563.2	6.2657e-09
563.4	6.9748e-09
563.6	7.7641e-09
563.8	8.6428e-09
564.0	9.6209e-09
564.2	1.071e-08
564.4	1.1922e-08
564.6	1.3271e-08
564.8	1.4773e-08
565.0	1.6444e-08
565.2	1.7962e-08
565.4	1.961e-08
565.6	2.1409e-08
565.8	2.3373e-08
566.0	2.5518e-08
566.2	2.7859e-08
566.4	3.0415e-08
566.6	3.3206e-08
566.8	3.6252e-08
567.0	3.9578e-08
567.2	4.0272e-08
567.4	4.064e-08
567.6	4.1012e-08
567.8	4.1388e-08
568.0	4.1766e-08
568.2	4.2148e-08
568.4	4.2534e-08
568.6	4.2923e-08
568.8	4.3316e-08
569.0	4.3712e-08
569.2	4.3827e-08
569.4	4.3889e-08
569.6	4.3952e-08
569.8	4.4014e-08
570.0	4.4077e-08
570.2	4.4139e-08
570.4	4.4202e-08
570.6	4.4265e-08
570.8	4.4328e-08
571.0	4.4391e-08
571.2	4.4966e-08
571.4	4.5683e-08
571.6	4.6412e-08
571.8	4.7152e-08
572.0	4.7905e-08
572.2	4.8669e-08
572.4	4.9445e-08
572.6	5.0234e-08
572.8	5.1035e-08
573.0	5.1849e-08
573.2	5.1858e-08
573.4	5.1597e-08
573.6	5.1338e-08
573.8	5.1079e-08
574.0	5.0822e-08
574.2	5.0567e-08
574.4	5.0312e-08
574.6	5.0059e-08
574.8	4.9807e-08
575.0	4.9557e-08
575.2	5.0303e-08
575.4	5.1093e-08
575.6	5.1895e-08
575.8	5.2709e-08
576.0	5.3536e-08
576.2	5.4376e-08
576.4	5.523e-08
576.6	5.6097e-08
576.8	5.6977e-08
577.0	5.7871e-08
577.2	5.8867e-08
577.4	5.989e-08
577.6	6.0931e-08
577.8	6.1991e-08
578.0	6.3068e-08
578.2	6.4165e-08
578.4	6.528e-08
578.6	6.6415e-08
578.8	6.757e-08
579.0	6.8744e-08
579.2	7.001e-08
579.4	7.1312e-08
579.6	7.2638e-08
579.8	7.3989e-08
580.0	7.5365e-08
580.2	7.6767e-08
580.4	7.8194e-08
580.6	7.9648e-08
580.8	8.113e-08
581.0	8.2638e-08
581.2	8.452e-08
581.4	8.6527e-08
581.6	8.8582e-08
581.8	9.0686e-08
582.0	9.284e-08
582.2	9.5045e-08
582.4	9.7302e-08
582.6	9.9613e-08
582.8	1.0198e-07
583.0	1.044e-07
583.2	1.027e-07
583.4	9.9828e-08
583.6	9.7037e-08
583.8	9.4324e-08
584.0	9.1687e-08
584.2	8.9124e-08
584.4	8.6632e-08
584.6	8.421e-08
584.8	8.1856e-08
585.0	7.9568e-08
585.2	7.9205e-08
585.4	7.8932e-08
585.6	7.8661e-08
585.8	7.839e-08
586.0	7.812e-08
586.2	7.7851e-08
586.4	7.7583e-08
586.6	7.7316e-08
586.8	7.705e-08
587.0	7.6785e-08
587.2	7.7028e-08
587.4	7.7348e-08
587.6	7.7669e-08
587.8	7.7992e-08
588.0	7.8316e-08
588.2	7.8642e-08
588.4	7.8969e-08
588.6	7.9297e-08
588.8	7.9627e-08
589.0	7.9958e-08
589.2	8.1081e-08
589.4	8.2386e-08
589.6	8.3712e-08
589.8	8.506e-08
590.0	8.6429e-08
590.2	8.782e-08
590.4	8.9233e-08
590.6	9.067e-08
590.8	9.2129e-08
591.0	9.3612e-08
591.2	9.4556e-08
591.4	9.5364e-08
591.6	9.6179e-08
591.8	9.7001e-08
592.0	9.783e-08
592.2	9.8666e-08
592.4	9.9509e-08
592.6	1.0036e-07
592.8	1.0122e-07
593.0	1.0208e-07
593.2	1.0162e-07
593.4	1.0075e-07
593.6	9.9889e-08
593.8	9.9033e-08
594.0	9.8184e-08
594.2	9.7342e-08
594.4	9.6508e-08
594.6	9.5681e-08
594.8	9.4861e-08
595.0	9.4048e-08
595.2	9.2428e-08
595.4	9.0793e-08
595.6	8.9188e-08
595.8	8.7611e-08
596.0	8.6062e-08
596.2	8.454e-08
596.4	8.3045e-08
596.6	8.1576e-08
596.8	8.0134e-08
597.0	7.8717e-08
597.2	7.8825e-08
597.4	7.918e-08
597.6	7.9536e-08
597.8	7.9895e-08
598.0	8.0254e-08
598.2	8.0616e-08
598.4	8.0979e-08
598.6	8.1344e-08
598.8	8.171e-08
599.0	8.2078e-08
599.2	8.3259e-08
599.4	8.4626e-08
599.6	8.6016e-08
599.8	8.7429e-08
600.0	8.8864e-08
600.2	9.0324e-08
600.4	9.1807e-08
600.6	9.3315e-08
600.8	9.4847e-08
601.0	9.6404e-08
601.2	9.7421e-08
601.4	9.8306e-08
601.6	9.9199e-08
601.8	1.001e-07
602.0	1.0101e-07
602.2	1.0193e-07
602.4	1.0285e-07
602.6	1.0379e-07
602.8	1.0473e-07
603.0	1.0568e-07
603.2	1.0387e-07
603.4	1.0132e-07
603.6	9.8829e-08
603.8	9.64e-08
604.0	9.403e-08
604.2	9.1719e-08
604.4	8.9465e-08
604.6	8.7266e-08
604.8	8.5121e-08
605.0	8.3029e-08
605.2	8.0031e-08
605.4	7.7093e-08
605.6	7.4263e-08
605.8	7.1537e-08
606.0	6.8911e-08
606.2	6.6381e-08
606.4	6.3944e-08
606.6	6.1597e-08
606.8	5.9335e-08
607.0	5.7157e-08
607.2	5.7898e-08
607.4	5.9072e-08
607.6	6.027e-08
607.8	6.1492e-08
608.0	6.2738e-08
608.2	6.401e-08
608.4	6.5308e-08
608.6	6.6632e-08
608.8	6.7982e-08
609.0	6.9361e-08
609.2	7.0308e-08
609.4	7.1184e-08
609.6	7.2071e-08
609.8	7.2968e-08
610.0	7.3877e-08
610.2	7.4797e-08
610.4	7.5729e-08
610.6	7.6672e-08
610.8	7.7627e-08
611.0	7.8594e-08
611.2	7.8635e-08
611.4	7.8479e-08
611.6	7.8323e-08
611.8	7.8167e-08
612.0	7.8012e-08
612.2	7.7857e-08
612.4	7.7702e-08
612.6	7.7548e-08
612.8	7.7393e-08
613.0	7.724e-08
613.2	7.7564e-08
613.4	7.8006e-08
613.6	7.8451e-08
613.8	7.8899e-08
614.0	7.9349e-08
614.2	7.9801e-08
614.4	8.0256e-08
614.6	8.0714e-08
614.8	8.1175e-08
615.0	8.1637e-08
615.2	8.0204e-08
615.4	7.8679e-08
615.6	7.7182e-08
615.8	7.5714e-08
616.0	7.4274e-08
616.2	7.2861e-08
616.4	7.1475e-08
616.6	7.0116e-08
616.8	6.8782e-08
617.0	6.7474e-08
617.2	6.7716e-08
617.4	6.8221e-08
617.6	6.8731e-08
617.8	6.9244e-08
618.0	6.9762e-08
618.2	7.0283e-08
618.4	7.0808e-08
618.6	7.1337e-08
618.8	7.1869e-08
619.0	7.2406e-08
619.2	7.2947e-08
619.4	7.3492e-08
619.6	7.4034e-08
619.8	7.4567e-08
620.0	7.5104e-08
620.2	7.5645e-08
620.4	7.619e-08
620.6	7.6738e-08
620.8	7.7291e-08
621.0	7.7847e-08
621.2	7.8408e-08
621.4	7.8973e-08
621.6	7.9675e-08
621.8	8.0671e-08
622.0	8.168e-08
622.2	8.2701e-08
622.4	8.3735e-08
622.6	8.4782e-08
622.8	8.5842e-08
623.0	8.6915e-08
623.2	8.8001e-08
623.4	8.9102e-08
623.6	8.9951e-08
623.8	9.0202e-08
624.0	9.0454e-08
624.2	9.0706e-08
624.4	9.0959e-08
624.6	9.1213e-08
624.8	9.1468e-08
625.0	9.1723e-08
625.2	9.1979e-08
625.4	9.2236e-08
625.6	9.2449e-08
625.8	9.2595e-08
626.0	9.2741e-08
626.2	9.2888e-08
626.4	9.3034e-08
626.6	9.3181e-08
626.8	9.3328e-08
627.0	9.3476e-08
627.2	9.3623e-08
627.4	9.3771e-08
627.6	9.3919e-08
627.8	9.4067e-08
628.0	9.4216e-08
628.2	7.8607e-08
628.4	6.2382e-08
628.6	4.9506e-08
628.8	3.9288e-08
629.0	3.1179e-08
629.2	2.4744e-08
629.4	1.9637e-08
629.6	1.5584e-08
629.8	1.2367e-08
630.0	9.8145e-09
630.2	9.8045e-09
630.4	9.8179e-09
630.6	9.8476e-09
630.8	9.8641e-09
631.0	9.8681e-09
631.2	1.0111e-08
631.4	3.1855e-08
631.6	7.4227e-09
631.8	7.4211e-09
632.0	7.416e-09
632.2	7.407e-09
632.4	7.4119e-09
632.6	7.5499e-09
632.8	8.556e-09
633.0	9.7487e-09
633.2	9.8916e-09
633.4	1.7286e-08
633.6	2.1162e-08
633.8	9.8884e-09
634.0	9.8816e-09
634.2	3.4415e-08
634.4	1.2504e-08
634.6	9.8479e-09
634.8	9.8336e-09
635.0	9.8261e-09
635.2	9.8342e-09
635.4	9.8585e-09
635.6	2.1423e-08
635.8	1.2058e-08
636.0	2.7324e-08
636.2	2.466e-08
636.4	9.8894e-09
636.6	1.0619e-08
636.8	6.1548e-08
637.0	2.3445e-08
637.2	7.7574e-09
637.4	7.4463e-09
637.6	7.4452e-09
637.8	7.4399e-09
638.0	7.4419e-09
638.2	7.4484e-09
638.4	1.3737e-08
638.6	1.1589e-08
638.8	9.9375e-09
639.0	9.9217e-09
639.2	1.1809e-08
639.4	2.8391e-08
639.6	1.2877e-08
639.8	1.1368e-08
640.0	8.1034e-09
640.2	7.403e-09
640.4	7.3818e-09
640.6	7.3628e-09
640.8	7.3474e-09
641.0	7.3352e-09
641.2	8.147e-09
641.4	9.2684e-09
641.6	2.3201e-08
641.8	7.415e-08
642.0	1.0873e-07
642.2	1.3158e-08
642.4	1.5565e-08
642.6	1.7638e-08
642.8	3.601e-08
643.0	2.8588e-08
643.2	9.6793e-09
643.4	9.6823e-09
643.6	9.6799e-09
643.8	9.6758e-09
644.0	1.337e-08
644.2	1.3166e-08
644.4	2.5568e-08
644.6	6.5321e-08
644.8	9.6792e-09
645.0	9.6762e-09
645.2	9.6786e-09
645.4	2.3121e-08
645.6	2.6126e-08
645.8	2.2614e-08
646.0	9.5156e-08
646.2	8.7544e-08
646.4	6.3868e-08
646.6	2.1013e-08
646.8	1.4219e-08
647.0	3.6017e-08
647.2	6.447e-08
647.4	6.194e-08
647.6	9.3081e-08
647.8	4.9467e-08
648.0	5.5504e-08
648.2	1.0089e-07
648.4	1.7302e-07
648.6	2.3722e-07
648.8	3.1673e-07
649.0	3.3143e-07
649.2	4.5527e-07
649.4	5.5481e-07
649.6	6.4725e-07
649.8	8.2294e-07
650.0	1.0279e-06
650.2	1.3323e-06
650.4	1.7264e-06
650.6	2.2533e-06
650.8	3.016e-06
651.0	4.0208e-06
651.2	5.1108e-06
651.4	6.9544e-06
651.6	8.8955e-06
651.8	1.2342e-05
652.0	1.6576e-05
652.2	2.2668e-05
652.4	3.1908e-05
652.6	4.546e-05
652.8	6.2492e-05
653.0	8.8134e-05
653.2	1.2709e-04
653.4	1.8215e-04
653.6	2.6571e-04
653.8	3.9444e-04
654.0	6.032e-04
654.2	8.9501e-04
654.4	0.00134
654.6	0.00198
654.8	0.00294
655.0	0.00435
655.2	0.00633
655.4	0.00849
655.6	0.01162
655.8	0.01582
656.0	0.0211
656.2	0.02764
656.4	0.03577
656.6	0.04613
656.8	0.05758
657.0	0.07288
657.2	0.09441
657.4	0.12361
657.6	0.16266
657.8	0.21536
658.0	0.28436
658.2	0.37057
658.4	0.47236
658.6	0.58954
658.8	0.70643
659.0	0.80894
659.2	0.88629
659.4	0.93754
659.6	0.96597
659.8	0.97898
660.0	0.98138
660.2	0.98099
660.4	0.97931
660.6	0.97924
660.8	0.97957
661.0	0.98011
661.2	0.98118
661.4	0.98221
661.6	0.98252
661.8	0.98143
662.0	0.98056
662.2	0.97923
662.4	0.97737
662.6	0.97644
662.8	0.97444
663.0	0.97336
663.2	0.97198
663.4	0.97129
663.6	0.9711
663.8	0.97142
664.0	0.97169
664.2	0.97248
664.4	0.9737
664.6	0.97397
664.8	0.97415
665.0	0.97384
665.2	0.9737
665.4	0.97393
665.6	0.97351
665.8	0.97264
666.0	0.97212
666.2	0.97107
666.4	0.9702
666.6	0.96972
666.8	0.96983
667.0	0.96941
667.2	0.97009
667.4	0.97027
667.6	0.97133
667.8	0.97286
668.0	0.97453
668.2	0.97602
668.4	0.97743
668.6	0.97901
668.8	0.9809
669.0	0.98303
669.2	0.98473
669.4	0.98581
669.6	0.98682
669.8	0.98756
670.0	0.98834
670.2	0.98866
670.4	0.9894
670.6	0.98981
670.8	0.99019
671.0	0.99102
671.2	0.99102
671.4	0.99109
671.6	0.99163
671.8	0.99219
672.0	0.99195
672.2	0.99254
672.4	0.99335
672.6	0.99387
672.8	0.99444
673.0	0.99566
673.2	0.99555
673.4	0.99606
673.6	0.99666
673.8	0.99707
674.0	0.99769
674.2	0.99731
674.4	0.99781
674.6	0.99805
674.8	0.99744
675.0	0.99761
675.2	0.99725
675.4	0.99663
675.6	0.9964
675.8	0.99529
676.0	0.99418
676.2	0.99348
676.4	0.99248
676.6	0.99174
676.8	0.99118
677.0	0.99092
677.2	0.99034
677.4	0.98952
677.6	0.98893
677.8	0.98811
678.0	0.9887
678.2	0.98861
678.4	0.98888
678.6	0.98899
678.8	0.98899
679.0	0.98933
679.2	0.98983
679.4	0.98967
679.6	0.9899
679.8	0.99001
680.0	0.99013
680.2	0.99033
680.4	0.99022
680.6	0.99026
680.8	0.99017
681.0	0.99072
681.2	0.99073
681.4	0.99046
681.6	0.99003
681.8	0.99022
682.0	0.99073
682.2	0.99061
682.4	0.99061
682.6	0.99147
682.8	0.99123
683.0	0.99118
683.2	0.99164
683.4	0.99216
683.6	0.99257
683.8	0.99307
684.0	0.99363
684.2	0.99325
684.4	0.99335
684.6	0.99402
684.8	0.99368
685.0	0.99491
685.2	0.99422
685.4	0.99398
685.6	0.99323
685.8	0.99309
686.0	0.99195
686.2	0.99087
686.4	0.98973
686.6	0.98901
686.8	0.98804
687.0	0.98678
687.2	0.98502
687.4	0.98383
687.6	0.98331
687.8	0.98183
688.0	0.98048
688.2	0.98094
688.4	0.98041
688.6	0.98091
688.8	0.98146
689.0	0.98357
689.2	0.98364
689.4	0.98574
689.6	0.9869
689.8	0.98719
690.0	0.98638
690.2	0.98293
690.4	0.97662
690.6	0.96592
690.8	0.94776
691.0	0.92363
691.2	0.89018
691.4	0.84703
691.6	0.79493
691.8	0.73408
692.0	0.66668
692.2	0.59414
692.4	0.52278
692.6	0.4526
692.8	0.38785
693.0	0.32902
693.2	0.27707
693.4	0.23174
693.6	0.19543
693.8	0.16251
694.0	0.13489
694.2	0.11195
694.4	0.09296
694.6	0.07747
694.8	0.06452
695.0	0.05533
695.2	0.04632
695.4	0.03878
695.6	0.03267
695.8	0.02756
696.0	0.02338
696.2	0.01985
696.4	0.01753
696.6	0.01496
696.8	0.01277
697.0	0.01094
697.2	0.00942
697.4	0.00813
697.6	0.00703
697.8	0.00626
698.0	0.00543
698.2	0.00471
698.4	0.0041
698.6	0.00359
698.8	0.00313
699.0	0.00275
699.2	0.00237
699.4	0.00208
699.6	0.00183
699.8	0.00162
700.0	0.00144
700.2	0.00127
700.4	0.00112
700.6	9.8276e-04
700.8	8.7829e-04
701.0	7.8014e-04
701.2	6.9571e-04
701.4	6.2118e-04
701.6	5.607e-04
701.8	4.9998e-04
702.0	4.5187e-04
702.2	4.0619e-04
702.4	3.599e-04
702.6	3.2872e-04
702.8	2.9548e-04
703.0	2.6751e-04
703.2	2.4257e-04
703.4	2.2377e-04
703.6	2.0208e-04
703.8	1.8429e-04
704.0	1.6715e-04
704.2	1.5178e-04
704.4	1.3879e-04
704.6	1.2625e-04
704.8	1.1449e-04
705.0	1.0399e-04
705.2	9.4541e-05
705.4	8.771e-05
705.6	8.0095e-05
705.8	7.3294e-05
706.0	6.7402e-05
706.2	6.3149e-05
706.4	5.6814e-05
706.6	5.2171e-05
706.8	4.8246e-05
707.0	4.4582e-05
707.2	4.061e-05
707.4	3.7454e-05
707.6	3.4758e-05
707.8	3.173e-05
708.0	2.9193e-05
708.2	2.7465e-05
708.4	2.5266e-05
708.6	2.3284e-05
708.8	2.1636e-05
709.0	2.0013e-05
709.2	1.8266e-05
709.4	1.7091e-05
709.6	1.6024e-05
709.8	1.4857e-05
710.0	1.3754e-05
710.2	1.2784e-05
710.4	1.1881e-05
710.6	1.1213e-05
710.8	1.0288e-05
711.0	9.896e-06
711.2	9.255e-06
711.4	8.5604e-06
711.6	7.9917e-06
711.8	7.5303e-06
712.0	7.0596e-06
712.2	6.4079e-06
712.4	6.2101e-06
712.6	5.746e-06
712.8	5.5029e-06
713.0	4.9807e-06
713.2	4.8827e-06
713.4	4.4176e-06
713.6	4.2204e-06
713.8	4.1351e-06
714.0	3.9199e-06
714.2	3.6648e-06
714.4	3.5634e-06
714.6	3.3779e-06
714.8	3.1836e-06
715.0	2.9495e-06
715.2	2.7889e-06
715.4	2.6932e-06
715.6	2.5674e-06
715.8	2.2659e-06
716.0	2.1997e-06
716.2	2.1144e-06
716.4	2.069e-06
716.6	2.0108e-06
716.8	1.8794e-06
717.0	1.7205e-06
717.2	1.7404e-06
717.4	1.6158e-06
717.6	1.5653e-06
717.8	1.5531e-06
718.0	1.4511e-06
718.2	1.3435e-06
718.4	1.2933e-06
718.6	1.2032e-06
718.8	1.134e-06
719.0	1.1693e-06
719.2	1.1031e-06
719.4	9.9579e-07
719.6	9.1103e-07
719.8	8.9309e-07
720.0	9.883e-07
720.2	8.6852e-07
720.4	8.1037e-07
720.6	7.7509e-07
720.8	7.6538e-07
721.0	7.5165e-07
721.2	6.9867e-07
721.4	7.0134e-07
721.6	6.4942e-07
721.8	5.7302e-07
722.0	5.3449e-07
722.2	5.0375e-07
722.4	4.746e-07
722.6	4.6191e-07
722.8	5.8008e-07
723.0	4.8917e-07
723.2	4.8603e-07
723.4	4.618e-07
723.6	4.4708e-07
723.8	4.6717e-07
724.0	3.9029e-07
724.2	3.6218e-07
724.4	3.6132e-07
724.6	3.238e-07
724.8	2.9715e-07
725.0	3.1353e-07
725.2	3.5786e-07
725.4	2.979e-07
725.6	3.1602e-07
725.8	3.1493e-07
726.0	2.8674e-07
726.2	2.7703e-07
726.4	2.9904e-07
726.6	3.4891e-07
726.8	3.5784e-07
727.0	2.8028e-07
727.2	2.1963e-07
727.4	1.9212e-07
727.6	1.9082e-07
727.8	1.8566e-07
728.0	1.5658e-07
728.2	2.2542e-07
728.4	2.1976e-07
728.6	1.9642e-07
728.8	1.9762e-07
729.0	2.1459e-07
729.2	2.2811e-07
729.4	2.5338e-07
729.6	1.1923e-07
729.8	1.0652e-07
730.0	1.5352e-07
730.2	2.0914e-07
730.4	1.9717e-07
730.6	1.8421e-07
730.8	1.5745e-07
731.0	8.0891e-08
731.2	4.4852e-08
731.4	6.3212e-08
731.6	1.5757e-07
731.8	1.917e-07
732.0	1.8799e-07
732.2	1.609e-07
732.4	1.1551e-07
732.6	8.9381e-08
732.8	9.5354e-08
733.0	1.2341e-07
733.2	1.2898e-07
733.4	1.8114e-07
733.6	1.7193e-07
733.8	1.1123e-07
734.0	9.1196e-08
734.2	8.8946e-08
734.4	4.165e-08
734.6	1.0349e-07
734.8	5.8864e-08
735.0	3.5679e-08
735.2	1.248e-07
735.4	7.2794e-08
735.6	2.1656e-08
735.8	9.3933e-08
736.0	1.3409e-07
736.2	1.6223e-07
736.4	1.528e-07
736.6	1.1989e-07
736.8	9.3812e-08
737.0	8.5654e-08
737.2	1.0222e-07
737.4	1.0591e-07
737.6	6.0679e-08
737.8	5.858e-08
738.0	7.0858e-08
738.2	9.0231e-08
738.4	1.0579e-07
738.6	1.1564e-07
738.8	1.866e-07
739.0	1.1203e-07
739.2	2.1685e-08
739.4	3.0723e-08
739.6	6.7085e-08
739.8	6.5496e-08
740.0	1.014e-07
740.2	6.2179e-08
740.4	9.078e-08
740.6	1.1949e-07
740.8	1.1914e-07
741.0	9.0197e-08
741.2	6.2843e-08
741.4	8.4208e-08
741.6	6.9396e-08
741.8	1.6389e-08
742.0	6.4668e-08
742.2	1.6425e-07
742.4	1.3034e-07
742.6	7.4018e-08
742.8	9.836e-08
743.0	2.4297e-07
743.2	2.2081e-08
743.4	1.2215e-08
743.6	1.2225e-08
743.8	1.9275e-08
744.0	9.9186e-08
744.2	1.2832e-07
744.4	4.1063e-08
744.6	9.0077e-08
744.8	1.3021e-07
745.0	1.3175e-07
745.2	8.7188e-08
745.4	1.3641e-08
745.6	6.3151e-08
745.8	1.1769e-07
746.0	1.4231e-07
746.2	1.4379e-07
746.4	1.3381e-07
746.6	9.3116e-08
746.8	1.4541e-08
747.0	5.7452e-08
747.2	9.6597e-08
747.4	1.0154e-07
747.6	8.0682e-08
747.8	7.0333e-08
748.0	9.0243e-08
748.2	1.0068e-07
748.4	3.5542e-08
748.6	5.3399e-08
748.8	6.4043e-08
749.0	3.2019e-08
749.2	1.2832e-08
749.4	1.2819e-08
749.6	1.2843e-08
749.8	7.3161e-08
750.0	6.5082e-08
750.2	5.9316e-08
750.4	8.2316e-08
750.6	1.1695e-07
750.8	1.1548e-07
751.0	6.0331e-08
751.2	9.7766e-08
751.4	6.9473e-08
751.6	5.895e-08
751.8	3.8017e-08
752.0	1.7437e-08
752.2	8.3894e-08
752.4	1.6395e-07
752.6	1.3556e-07
752.8	9.936e-08
753.0	6.0389e-08
753.2	6.1667e-08
753.4	1.6123e-07
753.6	1.7206e-07
753.8	8.646e-08
754.0	1.0955e-07
754.2	2.8916e-08
754.4	1.2931e-07
754.6	1.1161e-07
754.8	4.3814e-08
755.0	2.2344e-07
755.2	1.5096e-07
755.4	1.1187e-07
755.6	1.9695e-07
755.8	1.4298e-07
756.0	1.0068e-07
756.2	1.2186e-07
756.4	9.962e-08
756.6	1.5549e-07
756.8	2.076e-07
757.0	1.9444e-07
757.2	1.8999e-07
757.4	1.9197e-07
757.6	1.3887e-07
757.8	7.9478e-08
758.0	1.3625e-07
758.2	1.8898e-07
758.4	9.1113e-08
758.6	2.5667e-07
758.8	2.8197e-07
759.0	1.9722e-07
759.2	1.2924e-07
759.4	2.0793e-07
759.6	2.0274e-07
759.8	1.9073e-07
760.0	1.4698e-07
760.2	1.5019e-07
760.4	1.0423e-07
760.6	1.7312e-07
760.8	2.0743e-07
761.0	2.2707e-07
761.2	2.9766e-07
761.4	3.5986e-07
761.6	3.874e-07
761.8	2.4731e-07
762.0	3.4738e-07
762.2	4.2611e-07
762.4	4.0986e-07
762.6	3.7945e-07
762.8	4.2131e-07
763.0	4.6457e-07
763.2	4.1742e-07
763.4	4.3723e-07
763.6	3.9379e-07
763.8	3.4522e-07
764.0	3.6646e-07
764.2	3.9884e-07
764.4	5.5731e-07
764.6	6.1849e-07
764.8	6.1646e-07
765.0	6.3423e-07
765.2	6.9399e-07
765.4	7.3286e-07
765.6	7.3249e-07
765.8	8.2998e-07
766.0	8.3685e-07
766.2	8.9558e-07
766.4	9.201e-07
766.6	9.1168e-07
766.8	1.0508e-06
767.0	1.209e-06
767.2	1.2088e-06
767.4	1.3417e-06
767.6	1.4189e-06
767.8	1.4321e-06
768.0	1.4612e-06
768.2	1.7032e-06
768.4	2.0073e-06
768.6	1.9121e-06
768.8	2.0927e-06
769.0	2.443e-06
769.2	2.3338e-06
769.4	2.7436e-06
769.6	2.8536e-06
769.8	3.1163e-06
770.0	3.5522e-06
770.2	3.8575e-06
770.4	4.0473e-06
770.6	4.225e-06
770.8	4.5359e-06
771.0	4.9866e-06
771.2	5.4108e-06
771.4	5.8563e-06
771.6	6.2509e-06
771.8	6.544e-06
772.0	6.7117e-06
772.2	6.7849e-06
772.4	7.2718e-06
772.6	7.5666e-06
772.8	7.6036e-06
773.0	7.7975e-06
773.2	8.0104e-06
773.4	8.055e-06
773.6	7.7803e-06
773.8	7.5505e-06
774.0	7.4462e-06
774.2	7.367e-06
774.4	7.2661e-06
774.6	7.1552e-06
774.8	7.0207e-06
775.0	6.7651e-06
775.2	6.2633e-06
775.4	5.9408e-06
775.6	5.8634e-06
775.8	5.7042e-06
776.0	5.5523e-06
776.2	5.5657e-06
776.4	5.3479e-06
776.6	4.9537e-06
776.8	4.6689e-06
777.0	4.5897e-06
777.2	4.489e-06
777.4	4.3441e-06
777.6	4.2274e-06
777.8	4.1152e-06
778.0	3.8969e-06
778.2	3.9536e-06
778.4	3.8774e-06
778.6	3.7656e-06
778.8	3.4875e-06
779.0	3.3982e-06
779.2	3.4337e-06
779.4	3.4155e-06
779.6	3.466e-06
779.8	3.4917e-06
780.0	3.4101e-06
780.2	3.2189e-06
780.4	3.0275e-06
780.6	3.0271e-06
780.8	3.1727e-06
781.0	3.2263e-06
781.2	3.0935e-06
781.4	2.9963e-06
781.6	3.0397e-06
781.8	3.0571e-06
782.0	2.8549e-06
782.2	2.988e-06
782.4	3.0529e-06
782.6	3.0691e-06
782.8	3.0893e-06
783.0	2.9948e-06
783.2	3.1054e-06
783.4	2.9878e-06
783.6	3.0877e-06
783.8	3.1084e-06
784.0	3.0395e-06
784.2	3.0767e-06
784.4	3.1661e-06
784.6	3.2335e-06
784.8	3.2898e-06
785.0	3.3314e-06
785.2	3.409e-06
785.4	3.4856e-06
785.6	3.4954e-06
785.8	3.4614e-06
786.0	3.5825e-06
786.2	3.6725e-06
786.4	3.6425e-06
786.6	3.7043e-06
786.8	3.8166e-06
787.0	3.7523e-06
787.2	3.9336e-06
787.4	3.9929e-06
787.6	3.9943e-06
787.8	4.0352e-06
788.0	4.084e-06
788.2	4.0886e-06
788.4	4.1747e-06
788.6	4.3524e-06
788.8	4.2202e-06
789.0	4.3397e-06
789.2	4.5731e-06
789.4	4.5312e-06
789.6	4.5287e-06
789.8	4.5283e-06
790.0	4.6099e-06
790.2	4.7713e-06
790.4	4.9262e-06
790.6	4.8275e-06
790.8	4.7307e-06
791.0	4.8348e-06
791.2	4.9498e-06
791.4	5.0723e-06
791.6	5.2032e-06
791.8	5.3342e-06
792.0	5.1511e-06
792.2	4.9743e-06
792.4	4.9862e-06
792.6	5.0029e-06
792.8	5.0593e-06
793.0	5.1568e-06
793.2	5.2516e-06
793.4	5.1717e-06
793.6	5.0931e-06
793.8	5.1986e-06
794.0	5.3102e-06
794.2	5.3432e-06
794.4	5.2979e-06
794.6	5.2506e-06
794.8	5.1319e-06
795.0	5.0159e-06
795.2	4.9301e-06
795.4	4.8474e-06
795.6	4.8012e-06
795.8	4.7949e-06
796.0	4.7886e-06
796.2	4.8166e-06
796.4	4.8449e-06
796.6	4.8772e-06
796.8	4.9099e-06
797.0	4.8536e-06
797.2	4.7041e-06
797.4	4.5601e-06
797.6	4.5776e-06
797.8	4.5953e-06
798.0	4.5891e-06
798.2	4.5823e-06
798.4	4.5496e-06
798.6	4.4912e-06
798.8	4.4359e-06
799.0	4.4984e-06
799.2	4.5618e-06
799.4	4.5239e-06
799.6	4.4843e-06
799.8	4.4499e-06
800.0	4.4206e-06
800.2	4.3928e-06
800.4	4.4071e-06
800.6	4.4214e-06
800.8	4.4827e-06
801.0	4.5455e-06
801.2	4.5136e-06
801.4	4.3926e-06
801.6	4.2805e-06
801.8	4.3056e-06
802.0	4.3309e-06
802.2	4.4075e-06
802.4	4.4878e-06
802.6	4.5652e-06
802.8	4.639e-06
803.0	4.7135e-06
803.2	4.7036e-06
803.4	4.6936e-06
803.6	4.7127e-06
803.8	4.7329e-06
804.0	4.7863e-06
804.2	4.8754e-06
804.4	4.9662e-06
804.6	5.0639e-06
804.8	5.1636e-06
805.0	5.2088e-06
805.2	5.2529e-06
805.4	5.301e-06
805.6	5.353e-06
805.8	5.4076e-06
806.0	5.5468e-06
806.2	5.6897e-06
806.4	5.7585e-06
806.6	5.8271e-06
806.8	5.902e-06
807.0	5.9833e-06
807.2	6.0688e-06
807.4	6.2329e-06
807.6	6.4014e-06
807.8	6.4919e-06
808.0	6.5792e-06
808.2	6.5945e-06
808.4	6.5297e-06
808.6	6.4661e-06
808.8	6.5169e-06
809.0	6.5681e-06
809.2	6.5345e-06
809.4	6.4975e-06
809.6	6.4948e-06
809.8	6.5279e-06
810.0	6.5605e-06
810.2	6.5491e-06
810.4	6.5378e-06
810.6	6.374e-06
810.8	6.2098e-06
811.0	6.1003e-06
811.2	6.0427e-06
811.4	5.9831e-06
811.6	5.8261e-06
811.8	5.6732e-06
812.0	5.5568e-06
812.2	5.4433e-06
812.4	5.3206e-06
812.6	5.1895e-06
812.8	5.0523e-06
813.0	4.6748e-06
813.2	4.3255e-06
813.4	4.1833e-06
813.6	4.0495e-06
813.8	3.9072e-06
814.0	3.7581e-06
814.2	3.6173e-06
814.4	3.5417e-06
814.6	3.4677e-06
814.8	3.3641e-06
815.0	3.262e-06
815.2	3.1565e-06
815.4	3.0476e-06
815.6	2.9414e-06
815.8	2.6458e-06
816.0	2.3798e-06
816.2	2.394e-06
816.4	2.4209e-06
816.6	2.4194e-06
816.8	2.3871e-06
817.0	2.3537e-06
817.2	2.1771e-06
817.4	2.0138e-06
817.6	1.9791e-06
817.8	1.95e-06
818.0	1.9218e-06
818.2	1.8947e-06
818.4	1.8657e-06
818.6	1.7323e-06
818.8	1.6085e-06
819.0	1.6309e-06
819.2	1.6581e-06
819.4	1.6335e-06
819.6	1.5593e-06
819.8	1.4892e-06
820.0	1.4478e-06
820.2	1.4074e-06
820.4	1.4162e-06
820.6	1.4265e-06
820.8	1.3752e-06
821.0	1.269e-06
821.2	1.1736e-06
821.4	1.1708e-06
821.6	1.1679e-06
821.8	1.1784e-06
822.0	1.1895e-06
822.2	1.149e-06
822.4	1.0622e-06
822.6	9.8516e-07
822.8	1.0155e-06
823.0	1.0469e-06
823.2	9.9199e-07
823.4	9.3754e-07
823.6	9.2974e-07
823.8	9.6743e-07
824.0	1.0033e-06
824.2	9.3505e-07
824.4	8.7143e-07
824.6	8.5988e-07
824.8	8.4972e-07
825.0	8.6535e-07
825.2	9.0766e-07
825.4	9.4795e-07
825.6	8.7908e-07
825.8	8.1522e-07
826.0	8.4845e-07
826.2	8.8619e-07
826.4	9.0645e-07
826.6	9.0797e-07
826.8	9.0853e-07
827.0	8.7824e-07
827.2	8.4895e-07
827.4	8.2824e-07
827.6	8.0827e-07
827.8	8.2581e-07
828.0	8.8334e-07
828.2	9.4415e-07
828.4	9.8411e-07
828.6	1.0258e-06
828.8	9.7549e-07
829.0	9.2551e-07
829.2	9.0734e-07
829.4	9.1857e-07
829.6	9.2912e-07
829.8	9.1738e-07
830.0	9.0578e-07
830.2	8.9595e-07
830.4	8.8628e-07
830.6	8.9073e-07
830.8	9.0951e-07
831.0	9.2889e-07
831.2	9.5541e-07
831.4	9.8268e-07
831.6	1.0256e-06
831.8	1.071e-06
832.0	1.0765e-06
832.2	1.0398e-06
832.4	1.006e-06
832.6	1.0601e-06
832.8	1.1171e-06
833.0	1.1265e-06
833.2	1.1333e-06
833.4	1.1623e-06
833.6	1.2173e-06
833.8	1.2751e-06
834.0	1.3569e-06
834.2	1.444e-06
834.4	1.3917e-06
834.6	1.3394e-06
834.8	1.3835e-06
835.0	1.5277e-06
835.2	1.6764e-06
835.4	1.6328e-06
835.6	1.5904e-06
835.8	1.6752e-06
836.0	1.768e-06
836.2	1.8412e-06
836.4	1.8927e-06
836.6	1.944e-06
836.8	1.9522e-06
837.0	1.9605e-06
837.2	1.9784e-06
837.4	1.9969e-06
837.6	2.0755e-06
837.8	2.2213e-06
838.0	2.3678e-06
838.2	2.2142e-06
838.4	2.0705e-06
838.6	2.1051e-06
838.8	2.1486e-06
839.0	2.1795e-06
839.2	2.1966e-06
839.4	2.2127e-06
839.6	2.1761e-06
839.8	2.1401e-06
840.0	2.1047e-06
840.2	2.0698e-06
840.4	2.0001e-06
840.6	1.8963e-06
840.8	1.7979e-06
841.0	1.6999e-06
841.2	1.6073e-06
841.4	1.5466e-06
841.6	1.4889e-06
841.8	1.4567e-06
842.0	1.4483e-06
842.2	1.4357e-06
842.4	1.3145e-06
842.6	1.2034e-06
842.8	1.1944e-06
843.0	1.1904e-06
843.2	1.152e-06
843.4	1.0805e-06
843.6	1.0139e-06
843.8	9.6952e-07
844.0	9.2708e-07
844.2	8.7392e-07
844.4	8.2356e-07
844.6	7.7531e-07
844.8	7.2919e-07
845.0	6.8832e-07
845.2	6.9656e-07
845.4	7.0489e-07
845.6	6.0733e-07
845.8	5.1977e-07
846.0	5.024e-07
846.2	5.5119e-07
846.4	6.0129e-07
846.6	5.2514e-07
846.8	4.5863e-07
847.0	4.4377e-07
847.2	4.322e-07
847.4	3.7823e-07
847.6	2.9409e-07
847.8	2.2957e-07
848.0	2.6487e-07
848.2	3.0559e-07
848.4	2.6299e-07
848.6	2.2393e-07
848.8	2.274e-07
849.0	2.667e-07
849.2	3.0661e-07
849.4	2.8013e-07
849.6	2.5594e-07
849.8	1.6538e-07
850.0	8.9753e-08
850.2	4.8709e-08
850.4	2.6434e-08
850.6	1.4346e-08
850.8	1.0036e-08
851.0	1.0044e-08
851.2	1.0051e-08
851.4	1.0058e-08
851.6	1.0063e-08
851.8	1.0062e-08
852.0	1.0062e-08
852.2	1.0061e-08
852.4	1.006e-08
852.6	1.0057e-08
852.8	1.0055e-08
853.0	1.0052e-08
853.2	1.005e-08
853.4	1.0052e-08
853.6	1.0054e-08
853.8	1.0057e-08
854.0	1.0059e-08
854.2	1.0059e-08
854.4	1.006e-08
854.6	1.006e-08
854.8	1.006e-08
855.0	1.0069e-08
855.2	1.008e-08
855.4	1.0091e-08
855.6	1.0101e-08
855.8	1.011e-08
856.0	1.0118e-08
856.2	1.0126e-08
856.4	1.0134e-08
856.6	1.0139e-08
856.8	1.0142e-08
857.0	1.0145e-08
857.2	1.0148e-08
857.4	1.0148e-08
857.6	1.0146e-08
857.8	1.0144e-08
858.0	1.0142e-08
858.2	1.0144e-08
858.4	1.0149e-08
858.6	1.0155e-08
858.8	1.0161e-08
859.0	1.0163e-08
859.2	1.0155e-08
859.4	1.0148e-08
859.6	1.0141e-08
859.8	1.0134e-08
860.0	1.0131e-08
860.2	6.204e-09
860.4	3.7991e-09
860.6	2.3264e-09
860.8	1.4246e-09
861.0	8.7235e-10
861.2	6.2326e-10
861.4	6.2273e-10
861.6	6.222e-10
861.8	6.2167e-10
862.0	6.2114e-10
862.2	6.2061e-10
862.4	6.2008e-10
862.6	6.1955e-10
862.8	6.1902e-10
863.0	6.185e-10
863.2	6.1805e-10
863.4	6.177e-10
863.6	6.1735e-10
863.8	6.17e-10
864.0	6.1666e-10
864.2	6.1631e-10
864.4	6.1596e-10
864.6	6.1561e-10
864.8	6.1526e-10
865.0	6.1492e-10
865.2	6.1453e-10
865.4	6.1412e-10
865.6	6.1371e-10
865.8	6.133e-10
866.0	6.1289e-10
866.2	6.1248e-10
866.4	6.1207e-10
866.6	6.1167e-10
866.8	6.1126e-10
867.0	6.1085e-10
867.2	6.1038e-10
867.4	6.0988e-10
867.6	6.0939e-10
867.8	6.0889e-10
868.0	6.084e-10
868.2	6.0791e-10
868.4	6.0741e-10
868.6	6.0692e-10
868.8	6.0643e-10
869.0	6.0594e-10
869.2	6.0516e-10
869.4	6.0434e-10
869.6	6.0353e-10
869.8	6.0272e-10
870.0	6.0191e-10
870.2	6.0111e-10
870.4	6.003e-10
870.6	5.9949e-10
870.8	5.9869e-10
871.0	5.9789e-10
871.2	6.4401e-10
871.4	8.2763e-10
871.6	1.0636e-09
871.8	1.3669e-09
872.0	1.7566e-09
872.2	2.2574e-09
872.4	2.901e-09
872.6	3.7282e-09
872.8	4.7912e-09
873.0	6.1572e-09
873.2	6.3054e-09
873.4	4.8923e-09
873.6	3.7959e-09
873.8	2.9452e-09
874.0	2.2852e-09
874.2	1.773e-09
874.4	1.3757e-09
874.6	1.0674e-09
874.8	8.2816e-10
875.0	6.4256e-10
875.2	5.8082e-10
875.4	5.8005e-10
875.6	5.7928e-10
875.8	5.7851e-10
876.0	5.7775e-10
876.2	5.7698e-10
876.4	5.7622e-10
876.6	5.7545e-10
876.8	5.7469e-10
877.0	5.7393e-10
877.2	5.7319e-10
877.4	5.7245e-10
877.6	5.7171e-10
877.8	5.7098e-10
878.0	5.7024e-10
878.2	5.6951e-10
878.4	5.6878e-10
878.6	5.6805e-10
878.8	5.6732e-10
879.0	5.6659e-10
879.2	8.4959e-10
879.4	1.3198e-09
879.6	2.0502e-09
879.8	3.1848e-09
880.0	4.9474e-09
880.2	7.6854e-09
880.4	1.1939e-08
880.6	1.8546e-08
880.8	2.881e-08
881.0	4.4754e-08
881.2	6.0116e-08
881.4	5.8867e-08
881.6	5.7645e-08
881.8	5.6447e-08
882.0	5.5275e-08
882.2	5.4127e-08
882.4	5.3003e-08
882.6	5.1902e-08
882.8	5.0824e-08
883.0	4.9768e-08
883.2	4.9484e-08
883.4	5.0056e-08
883.6	5.0634e-08
883.8	5.122e-08
884.0	5.1811e-08
884.2	5.241e-08
884.4	5.3016e-08
884.6	5.3628e-08
884.8	5.4248e-08
885.0	5.4875e-08
885.2	5.6164e-08
885.4	5.7882e-08
885.6	5.9651e-08
885.8	6.1475e-08
886.0	6.3354e-08
886.2	6.5291e-08
886.4	6.7287e-08
886.6	6.9345e-08
886.8	7.1465e-08
887.0	7.365e-08
887.2	7.5689e-08
887.4	7.7728e-08
887.6	7.9822e-08
887.8	8.1973e-08
888.0	8.4181e-08
888.2	8.6449e-08
888.4	8.8778e-08
888.6	9.117e-08
888.8	9.3626e-08
889.0	9.6149e-08
889.2	9.8828e-08
889.4	1.0159e-07
889.6	1.0442e-07
889.8	1.0733e-07
890.0	1.1033e-07
890.2	1.1341e-07
890.4	1.1657e-07
890.6	1.1982e-07
890.8	1.2317e-07
891.0	1.266e-07
891.2	1.3032e-07
891.4	1.346e-07
891.6	1.3903e-07
891.8	1.4361e-07
892.0	1.4833e-07
892.2	1.5321e-07
892.4	1.5825e-07
892.6	1.6346e-07
892.8	1.6883e-07
893.0	1.7439e-07
893.2	1.7969e-07
893.4	1.8463e-07
893.6	1.897e-07
893.8	1.9491e-07
894.0	2.0026e-07
894.2	2.0576e-07
894.4	2.1141e-07
894.6	2.1722e-07
894.8	2.2318e-07
895.0	2.2931e-07
895.2	2.3569e-07
895.4	2.4229e-07
895.6	2.4907e-07
895.8	2.5605e-07
896.0	2.6322e-07
896.2	2.706e-07
896.4	2.7818e-07
896.6	2.8597e-07
896.8	2.9398e-07
897.0	3.0221e-07
897.2	3.1381e-07
897.4	3.267e-07
897.6	3.4012e-07
897.8	3.5409e-07
898.0	3.6863e-07
898.2	3.8377e-07
898.4	3.9954e-07
898.6	4.1595e-07
898.8	4.3303e-07
899.0	4.5082e-07
899.2	4.7127e-07
899.4	4.9272e-07
899.6	5.1515e-07
899.8	5.3861e-07
900.0	5.6313e-07
900.2	5.8876e-07
900.4	6.1557e-07
900.6	6.4359e-07
900.8	6.7289e-07
901.0	7.0352e-07
901.2	7.4048e-07
901.4	7.9254e-07
901.6	8.4826e-07
901.8	9.079e-07
902.0	9.7173e-07
902.2	1.04e-06
902.4	1.1132e-06
902.6	1.1914e-06
902.8	1.2752e-06
903.0	1.3648e-06
903.2	1.4536e-06
903.4	1.5389e-06
903.6	1.6293e-06
903.8	1.7249e-06
904.0	1.8262e-06
904.2	1.9334e-06
904.4	2.0469e-06
904.6	2.1671e-06
904.8	2.2943e-06
905.0	2.429e-06
905.2	2.6246e-06
905.4	2.8701e-06
905.6	3.1386e-06
905.8	3.4322e-06
906.0	3.7532e-06
906.2	4.1043e-06
906.4	4.4882e-06
906.6	4.9081e-06
906.8	5.3672e-06
907.0	5.8692e-06
907.2	6.6452e-06
907.4	7.5874e-06
907.6	8.6632e-06
907.8	9.8916e-06
908.0	1.1294e-05
908.2	1.2895e-05
908.4	1.4724e-05
908.6	1.6811e-05
908.8	1.9195e-05
909.0	2.1917e-05
909.2	2.6614e-05
909.4	3.2349e-05
909.6	3.9319e-05
909.8	4.7792e-05
910.0	5.809e-05
910.2	7.0607e-05
910.4	8.5821e-05
910.6	1.0431e-04
910.8	1.4076e-04
911.0	1.9906e-04
911.2	2.9484e-04
911.4	4.2221e-04
911.6	5.7811e-04
911.8	6.2182e-04
912.0	6.0024e-04
912.2	4.5098e-04
912.4	3.2737e-04
912.6	2.3022e-04
912.8	1.6873e-04
913.0	1.2608e-04
913.2	9.8287e-05
913.4	7.8589e-05
913.6	6.3867e-05
913.8	5.3745e-05
914.0	4.5837e-05
914.2	4.0061e-05
914.4	3.4625e-05
914.6	2.9857e-05
914.8	2.6754e-05
915.0	2.4223e-05
915.2	2.224e-05
915.4	2.0105e-05
915.6	1.8241e-05
915.8	1.727e-05
916.0	1.6133e-05
916.2	1.4886e-05
916.4	1.4109e-05
916.6	1.3299e-05
916.8	1.2185e-05
917.0	1.1418e-05
917.2	1.0854e-05
917.4	1.0502e-05
917.6	1.0151e-05
917.8	9.7823e-06
918.0	9.3069e-06
918.2	8.8165e-06
918.4	8.4778e-06
918.6	8.2044e-06
918.8	8.0074e-06
919.0	7.6585e-06
919.2	7.3271e-06
919.4	7.2161e-06
919.6	7.0253e-06
919.8	6.7685e-06
920.0	7.029e-06
920.2	6.7655e-06
920.4	6.5118e-06
920.6	6.2677e-06
920.8	6.0327e-06
921.0	5.8065e-06
921.2	5.6318e-06
921.4	5.5858e-06
921.6	5.5403e-06
921.8	5.4951e-06
922.0	5.4503e-06
922.2	5.4058e-06
922.4	5.3617e-06
922.6	5.318e-06
922.8	5.2746e-06
923.0	5.2316e-06
923.2	5.2045e-06
923.4	5.1975e-06
923.6	5.1904e-06
923.8	5.1833e-06
924.0	5.1763e-06
924.2	5.1693e-06
924.4	5.1622e-06
924.6	5.1552e-06
924.8	5.1482e-06
925.0	5.1412e-06
925.2	5.1588e-06
925.4	5.1909e-06
925.6	5.2232e-06
925.8	5.2557e-06
926.0	5.2885e-06
926.2	5.3214e-06
926.4	5.3545e-06
926.6	5.3879e-06
926.8	5.4214e-06
927.0	5.4552e-06
927.2	5.5206e-06
927.4	5.5939e-06
927.6	5.6681e-06
927.8	5.7433e-06
928.0	5.8195e-06
928.2	5.8967e-06
928.4	5.975e-06
928.6	6.0542e-06
928.8	6.1346e-06
929.0	6.2164e-06
929.2	6.3281e-06
929.4	6.4417e-06
929.6	6.5574e-06
929.8	6.6752e-06
930.0	6.7951e-06
930.2	6.9171e-06
930.4	7.0414e-06
930.6	7.1678e-06
930.8	7.2966e-06
931.0	7.4276e-06
931.2	7.5851e-06
931.4	7.8264e-06
931.6	8.0755e-06
931.8	8.3324e-06
932.0	8.5976e-06
932.2	8.8711e-06
932.4	9.1534e-06
932.6	9.4447e-06
932.8	9.7452e-06
933.0	1.0055e-05
933.2	1.0392e-05
933.4	1.0764e-05
933.6	1.1148e-05
933.8	1.1547e-05
934.0	1.196e-05
934.2	1.2387e-05
934.4	1.283e-05
934.6	1.3289e-05
934.8	1.3764e-05
935.0	1.4256e-05
935.2	1.4899e-05
935.4	1.5657e-05
935.6	1.6453e-05
935.8	1.729e-05
936.0	1.8169e-05
936.2	1.9093e-05
936.4	2.0064e-05
936.6	2.1084e-05
936.8	2.2156e-05
937.0	2.3283e-05
937.2	2.4779e-05
937.4	2.6442e-05
937.6	2.8217e-05
937.8	3.0111e-05
938.0	3.2132e-05
938.2	3.4288e-05
938.4	3.659e-05
938.6	3.9046e-05
938.8	4.1667e-05
939.0	4.4478e-05
939.2	4.808e-05
939.4	5.1974e-05
939.6	5.6184e-05
939.8	6.0734e-05
940.0	6.5654e-05
940.2	7.0971e-05
940.4	7.6719e-05
940.6	8.3889e-05
940.8	9.447e-05
941.0	1.0584e-04
941.2	1.1664e-04
941.4	1.2902e-04
941.6	1.4479e-04
941.8	1.6256e-04
942.0	1.8294e-04
942.2	2.059e-04
942.4	2.3187e-04
942.6	2.6094e-04
942.8	2.9106e-04
943.0	3.2445e-04
943.2	3.5404e-04
943.4	3.8633e-04
943.6	4.0914e-04
943.8	4.3317e-04
944.0	4.3505e-04
944.2	4.3574e-04
944.4	4.2073e-04
944.6	4.0468e-04
944.8	3.778e-04
945.0	3.5106e-04
945.2	3.2022e-04
945.4	2.9095e-04
945.6	2.6276e-04
945.8	2.3691e-04
946.0	2.1385e-04
946.2	1.9311e-04
946.4	1.7463e-04
946.6	1.58e-04
946.8	1.4365e-04
947.0	1.3093e-04
947.2	1.2013e-04
947.4	1.1065e-04
947.6	1.0215e-04
947.8	9.446e-05
948.0	8.7421e-05
948.2	8.0965e-05
948.4	7.5581e-05
948.6	7.1115e-05
948.8	6.6777e-05
949.0	6.2555e-05
949.2	5.8761e-05
949.4	5.5407e-05
949.6	5.2574e-05
949.8	5.0402e-05
950.0	4.8109e-05
950.2	4.4826e-05
950.4	4.1768e-05
950.6	3.8918e-05
950.8	3.6262e-05
951.0	3.3788e-05
951.2	3.1772e-05
951.4	3.1068e-05
951.6	3.0379e-05
951.8	2.9705e-05
952.0	2.9046e-05
952.2	2.8402e-05
952.4	2.7772e-05
952.6	2.7156e-05
952.8	2.6554e-05
953.0	2.5965e-05
953.2	2.5372e-05
953.4	2.4766e-05
953.6	2.4174e-05
953.8	2.3597e-05
954.0	2.3034e-05
954.2	2.2484e-05
954.4	2.1947e-05
954.6	2.1423e-05
954.8	2.0911e-05
955.0	2.0412e-05
955.2	2.0027e-05
955.4	1.9714e-05
955.6	1.9406e-05
955.8	1.9102e-05
956.0	1.8804e-05
956.2	1.851e-05
956.4	1.8221e-05
956.6	1.7936e-05
956.8	1.7656e-05
957.0	1.738e-05
957.2	1.719e-05
957.4	1.702e-05
957.6	1.6852e-05
957.8	1.6686e-05
958.0	1.6521e-05
958.2	1.6358e-05
958.4	1.6196e-05
958.6	1.6036e-05
958.8	1.5878e-05
959.0	1.5719e-05
959.2	1.5501e-05
959.4	1.5286e-05
959.6	1.5074e-05
959.8	1.4865e-05
960.0	1.4659e-05
960.2	1.4456e-05
960.4	1.4256e-05
960.6	1.4058e-05
960.8	1.3863e-05
961.0	1.3671e-05
961.2	1.3553e-05
961.4	1.3703e-05
961.6	1.3854e-05
961.8	1.4008e-05
962.0	1.4163e-05
962.2	1.432e-05
962.4	1.4479e-05
962.6	1.4639e-05
962.8	1.4801e-05
963.0	1.4965e-05
963.2	1.5089e-05
963.4	1.5156e-05
963.6	1.5224e-05
963.8	1.5292e-05
964.0	1.5361e-05
964.2	1.5429e-05
964.4	1.5498e-05
964.6	1.5568e-05
964.8	1.5637e-05
965.0	1.5707e-05
965.2	1.5815e-05
965.4	1.5945e-05
965.6	1.6075e-05
965.8	1.6207e-05
966.0	1.634e-05
966.2	1.6474e-05
966.4	1.6609e-05
966.6	1.6745e-05
966.8	1.6883e-05
967.0	1.7021e-05
967.2	1.7204e-05
967.4	1.7396e-05
967.6	1.759e-05
967.8	1.7787e-05
968.0	1.7986e-05
968.2	1.8186e-05
968.4	1.839e-05
968.6	1.8595e-05
968.8	1.8803e-05
969.0	1.9009e-05
969.2	1.9176e-05
969.4	1.9344e-05
969.6	1.9514e-05
969.8	1.9686e-05
970.0	1.9859e-05
970.2	2.0033e-05
970.4	2.0209e-05
970.6	2.0386e-05
970.8	2.0566e-05
971.0	2.0746e-05
971.2	2.0997e-05
971.4	2.1617e-05
971.6	2.2256e-05
971.8	2.2914e-05
972.0	2.3591e-05
972.2	2.4288e-05
972.4	2.5006e-05
972.6	2.5744e-05
972.8	2.6505e-05
973.0	2.7288e-05
973.2	2.8037e-05
973.4	2.8709e-05
973.6	2.9398e-05
973.8	3.0103e-05
974.0	3.0824e-05
974.2	3.1564e-05
974.4	3.232e-05
974.6	3.3095e-05
974.8	3.3889e-05
975.0	3.4702e-05
975.2	3.564e-05
975.4	3.6676e-05
975.6	3.7741e-05
975.8	3.8838e-05
976.0	3.9966e-05
976.2	4.1128e-05
976.4	4.2322e-05
976.6	4.3552e-05
976.8	4.4818e-05
977.0	4.612e-05
977.2	4.7659e-05
977.4	4.9293e-05
977.6	5.0982e-05
977.8	5.2729e-05
978.0	5.4536e-05
978.2	5.6405e-05
978.4	5.8338e-05
978.6	6.0337e-05
978.8	6.2405e-05
979.0	6.4569e-05
979.2	6.7216e-05
979.4	6.9971e-05
979.6	7.2839e-05
979.8	7.5825e-05
980.0	7.8933e-05
980.2	8.2169e-05
980.4	8.5537e-05
980.6	8.9043e-05
980.8	9.3461e-05
981.0	9.8639e-05
981.2	1.0249e-04
981.4	1.0677e-04
981.6	1.1187e-04
981.8	1.1771e-04
982.0	1.2404e-04
982.2	1.3028e-04
982.4	1.365e-04
982.6	1.4262e-04
982.8	1.4903e-04
983.0	1.5605e-04
983.2	1.6479e-04
983.4	1.7373e-04
983.6	1.8294e-04
983.8	1.9257e-04
984.0	2.0323e-04
984.2	2.1576e-04
984.4	2.2921e-04
984.6	2.4346e-04
984.8	2.5664e-04
985.0	2.7204e-04
985.2	2.905e-04
985.4	3.0788e-04
985.6	3.2603e-04
985.8	3.4699e-04
986.0	3.6991e-04
986.2	3.949e-04
986.4	4.2096e-04
986.6	4.4856e-04
986.8	4.777e-04
987.0	5.0993e-04
987.2	5.4489e-04
987.4	5.789e-04
987.6	6.1506e-04
987.8	6.535e-04
988.0	6.9334e-04
988.2	7.3488e-04
988.4	7.7623e-04
988.6	8.1882e-04
988.8	8.6272e-04
989.0	9.0517e-04
989.2	9.4621e-04
989.4	9.8048e-04
989.6	0.00101
989.8	0.00104
990.0	0.00106
990.2	0.00108
990.4	0.00109
990.6	0.0011
990.8	0.00111
991.0	0.00111
991.2	0.00109
991.4	0.00108
991.6	0.00106
991.8	0.00103
992.0	0.00101
992.2	9.7432e-04
992.4	9.4207e-04
992.6	9.1084e-04
992.8	8.7745e-04
993.0	8.4529e-04
993.2	8.1432e-04
993.4	7.8461e-04
993.6	7.5599e-04
993.8	7.2773e-04
994.0	6.991e-04
994.2	6.716e-04
994.4	6.4683e-04
994.6	6.2475e-04
994.8	6.0343e-04
995.0	4.4757e-04
995.2	2.8236e-04
995.4	3.9313e-04
995.6	5.2506e-04
995.8	5.0771e-04
996.0	4.9092e-04
996.2	4.7126e-04
996.4	4.5322e-04
996.6	4.4238e-04
996.8	4.2953e-04
997.0	4.1705e-04
997.2	4.0486e-04
997.4	3.9279e-04
997.6	3.825e-04
997.8	3.7237e-04
998.0	3.62e-04
998.2	3.5191e-04
998.4	3.4646e-04
998.6	3.4024e-04
998.8	3.3073e-04
999.0	3.2312e-04
999.2	3.1635e-04
999.4	3.0973e-04
999.6	3.0357e-04
999.8	2.9702e-04
1000.0	2.9063e-04
1000.2	2.8636e-04
1000.4	2.8215e-04
1000.6	2.7801e-04
1000.8	2.7463e-04
1001.0	2.7129e-04
1001.2	2.68e-04
1001.4	2.6475e-04
1001.6	2.6153e-04
1001.8	2.5841e-04
1002.0	2.5534e-04
1002.2	2.5232e-04
1002.4	2.4932e-04
1002.6	2.4636e-04
1002.8	2.4396e-04
1003.0	2.4228e-04
1003.2	2.406e-04
1003.4	2.3894e-04
1003.6	2.3729e-04
1003.8	2.3572e-04
1004.0	2.3456e-04
1004.2	2.334e-04
1004.4	2.3225e-04
1004.6	2.311e-04
1004.8	2.2996e-04
1005.0	2.298e-04
1005.2	2.3796e-04
1005.4	2.4487e-04
1005.6	2.4985e-04
1005.8	2.4081e-04
1006.0	2.4471e-04
1006.2	2.3948e-04
1006.4	2.4424e-04
1006.6	2.4286e-04
1006.8	2.4514e-04
1007.0	2.4888e-04
1007.2	2.4245e-04
1007.4	2.4529e-04
1007.6	2.4926e-04
1007.8	2.4213e-04
1008.0	2.4958e-04
1008.2	2.4704e-04
1008.4	2.5244e-04
1008.6	2.4954e-04
1008.8	2.6234e-04
1009.0	2.564e-04
1009.2	2.5933e-04
1009.4	2.628e-04
1009.6	2.5933e-04
1009.8	2.5885e-04
1010.0	2.6878e-04
1010.2	2.7019e-04
1010.4	2.7712e-04
1010.6	2.7513e-04
1010.8	2.7855e-04
1011.0	2.7922e-04
1011.2	2.7832e-04
1011.4	2.7469e-04
1011.6	2.8554e-04
1011.8	2.8813e-04
1012.0	2.9235e-04
1012.2	2.9095e-04
1012.4	3.0315e-04
1012.6	3.0001e-04
1012.8	3.0972e-04
1013.0	3.0635e-04
1013.2	3.1976e-04
1013.4	3.1053e-04
1013.6	3.2281e-04
1013.8	3.2942e-04
1014.0	3.2616e-04
1014.2	3.4056e-04
1014.4	3.4386e-04
1014.6	3.473e-04
1014.8	3.5461e-04
1015.0	3.5383e-04
1015.2	3.5662e-04
1015.4	3.6364e-04
1015.6	3.7268e-04
1015.8	3.7545e-04
1016.0	3.8454e-04
1016.2	3.9353e-04
1016.4	3.967e-04
1016.6	3.9661e-04
1016.8	4.1511e-04
1017.0	4.1028e-04
1017.2	4.3529e-04
1017.4	4.3934e-04
1017.6	4.4653e-04
1017.8	4.5734e-04
1018.0	4.7216e-04
1018.2	4.8199e-04
1018.4	4.8949e-04
1018.6	4.8972e-04
1018.8	4.9581e-04
1019.0	5.2425e-04
1019.2	5.3162e-04
1019.4	5.4222e-04
1019.6	5.5215e-04
1019.8	5.7063e-04
1020.0	5.7687e-04
1020.2	5.9788e-04
1020.4	5.9953e-04
1020.6	6.3008e-04
1020.8	6.3496e-04
1021.0	6.5399e-04
1021.2	6.7129e-04
1021.4	6.9413e-04
1021.6	7.1602e-04
1021.8	7.1597e-04
1022.0	7.3311e-04
1022.2	7.6673e-04
1022.4	7.85e-04
1022.6	8.136e-04
1022.8	8.2995e-04
1023.0	8.6861e-04
1023.2	8.9099e-04
1023.4	9.0603e-04
1023.6	9.6276e-04
1023.8	9.6841e-04
1024.0	0.00101
1024.2	0.00103
1024.4	0.00108
1024.6	0.00109
1024.8	0.00114
1025.0	0.00118
1025.2	0.00124
1025.4	0.00129
1025.6	0.00132
1025.8	0.00139
1026.0	0.00142
1026.2	0.00148
1026.4	0.00152
1026.6	0.00158
1026.8	0.00164
1027.0	0.00172
1027.2	0.00178
1027.4	0.00185
1027.6	0.00192
1027.8	0.00199
1028.0	0.00211
1028.2	0.00217
1028.4	0.00226
1028.6	0.00235
1028.8	0.00246
1029.0	0.00256
1029.2	0.0027
1029.4	0.0028
1029.6	0.00295
1029.8	0.00309
1030.0	0.00324
1030.2	0.00337
1030.4	0.00357
1030.6	0.00368
1030.8	0.00387
1031.0	0.00405
1031.2	0.00427
1031.4	0.00448
1031.6	0.0047
1031.8	0.00498
1032.0	0.00524
1032.2	0.00552
1032.4	0.00578
1032.6	0.00611
1032.8	0.00641
1033.0	0.00676
1033.2	0.00709
1033.4	0.00745
1033.6	0.00785
1033.8	0.00829
1034.0	0.00877
1034.2	0.0092
1034.4	0.00972
1034.6	0.01024
1034.8	0.01067
1035.0	0.0113
1035.2	0.01183
1035.4	0.01242
1035.6	0.01299
1035.8	0.01362
1036.0	0.0143
1036.2	0.01494
1036.4	0.01565
1036.6	0.01613
1036.8	0.0169
1037.0	0.01759
1037.2	0.01815
1037.4	0.0187
1037.6	0.01944
1037.8	0.02004
1038.0	0.02051
1038.2	0.02107
1038.4	0.02162
1038.6	0.02191
1038.8	0.02236
1039.0	0.02271
1039.2	0.02297
1039.4	0.02328
1039.6	0.02353
1039.8	0.02362
1040.0	0.02386
1040.2	0.02387
1040.4	0.02389
1040.6	0.02386
1040.8	0.02381
1041.0	0.02387
1041.2	0.02368
1041.4	0.02353
1041.6	0.02348
1041.8	0.02327
1042.0	0.02311
1042.2	0.02307
1042.4	0.02273
1042.6	0.0225
1042.8	0.02243
1043.0	0.02227
1043.2	0.02194
1043.4	0.02187
1043.6	0.02174
1043.8	0.02137
1044.0	0.02115
1044.2	0.02091
1044.4	0.0209
1044.6	0.02075
1044.8	0.02055
1045.0	0.02025
1045.2	0.02012
1045.4	0.01977
1045.6	0.01958
1045.8	0.01959
1046.0	0.01947
1046.2	0.0194
1046.4	0.01954
1046.6	0.01933
1046.8	0.01928
1047.0	0.01925
1047.2	0.0192
1047.4	0.01915
1047.6	0.01927
1047.8	0.0193
1048.0	0.01923
1048.2	0.01937
1048.4	0.0193
1048.6	0.0193
1048.8	0.01951
1049.0	0.01949
1049.2	0.01965
1049.4	0.01982
1049.6	0.01999
1049.8	0.01999
1050.0	0.02026
1050.2	0.02042
1050.4	0.02062
1050.6	0.02077
1050.8	0.02106
1051.0	0.02124
1051.2	0.02152
1051.4	0.02193
1051.6	0.02197
1051.8	0.02241
1052.0	0.0227
1052.2	0.02302
1052.4	0.0235
1052.6	0.02387
1052.8	0.02429
1053.0	0.02481
1053.2	0.02515
1053.4	0.02562
1053.6	0.02648
1053.8	0.027
1054.0	0.02747
1054.2	0.02814
1054.4	0.02882
1054.6	0.02944
1054.8	0.03027
1055.0	0.03109
1055.2	0.03191
1055.4	0.03277
1055.6	0.03367
1055.8	0.03496
1056.0	0.036
1056.2	0.03703
1056.4	0.03829
1056.6	0.03941
1056.8	0.0406
1057.0	0.04233
1057.2	0.04398
1057.4	0.04547
1057.6	0.04753
1057.8	0.04918
1058.0	0.05117
1058.2	0.05344
1058.4	0.05576
1058.6	0.05797
1058.8	0.06074
1059.0	0.06365
1059.2	0.06652
1059.4	0.07035
1059.6	0.07359
1059.8	0.07743
1060.0	0.08159
1060.2	0.08596
1060.4	0.09094
1060.6	0.09662
1060.8	0.10189
1061.0	0.1084
1061.2	0.11479
1061.4	0.12206
1061.6	0.13013
1061.8	0.13864
1062.0	0.14816
1062.2	0.15917
1062.4	0.17021
1062.6	0.18252
1062.8	0.1968
1063.0	0.21047
1063.2	0.22674
1063.4	0.24347
1063.6	0.26262
1063.8	0.28297
1064.0	0.30401
1064.2	0.32796
1064.4	0.35254
1064.6	0.37777
1064.8	0.40436
1065.0	0.41433
1065.2	0.43076
1065.4	0.45566
1065.6	0.47628
1065.8	0.49577
1066.0	0.51081
1066.2	0.52095
1066.4	0.52688
1066.6	0.52752
1066.8	0.52303
1067.0	0.51583
1067.2	0.50226
1067.4	0.48843
1067.6	0.47108
1067.8	0.44899
1068.0	0.43043
1068.2	0.40503
1068.4	0.38343
1068.6	0.36106
1068.8	0.33858
1069.0	0.31901
1069.2	0.29917
1069.4	0.28166
1069.6	0.2659
1069.8	0.25107
1070.0	0.23682
1070.2	0.2241
1070.4	0.21079
1070.6	0.19988
1070.8	0.18786
1071.0	0.17832
1071.2	0.16969
1071.4	0.16013
1071.6	0.15341
1071.8	0.14621
1072.0	0.13953
1072.2	0.13459
1072.4	0.12814
1072.6	0.12343
1072.8	0.11851
1073.0	0.11324
1073.2	0.10944
1073.4	0.10519
1073.6	0.10122
1073.8	0.09808
1074.0	0.09448
1074.2	0.09168
1074.4	0.08878
1074.6	0.08669
1074.8	0.08428
1075.0	0.08182
1075.2	0.07969
1075.4	0.0775
1075.6	0.07568
1075.8	0.07397
1076.0	0.07185
1076.2	0.07019
1076.4	0.06892
1076.6	0.06747
1076.8	0.06613
1077.0	0.0651
1077.2	0.06391
1077.4	0.06323
1077.6	0.06184
1077.8	0.06117
1078.0	0.05998
1078.2	0.05921
1078.4	0.05837
1078.6	0.05726
1078.8	0.05673
1079.0	0.05621
1079.2	0.05552
1079.4	0.05513
1079.6	0.05454
1079.8	0.05405
1080.0	0.05347
1080.2	0.05318
1080.4	0.0532
1080.6	0.05228
1080.8	0.05225
1081.0	0.05198
1081.2	0.05135
1081.4	0.05151
1081.6	0.05076
1081.8	0.05091
1082.0	0.05061
1082.2	0.05049
1082.4	0.05031
1082.6	0.0503
1082.8	0.05031
1083.0	0.05033
1083.2	0.05043
1083.4	0.05063
1083.6	0.05035
1083.8	0.05069
1084.0	0.05067
1084.2	0.05093
1084.4	0.05101
1084.6	0.05121
1084.8	0.05143
1085.0	0.05121
1085.2	0.05164
1085.4	0.05198
1085.6	0.05214
1085.8	0.05256
1086.0	0.05301
1086.2	0.0536
1086.4	0.05372
1086.6	0.05444
1086.8	0.05494
1087.0	0.05497
1087.2	0.05561
1087.4	0.05601
1087.6	0.05674
1087.8	0.05704
1088.0	0.05746
1088.2	0.05846
1088.4	0.05908
1088.6	0.05964
1088.8	0.06024
1089.0	0.06124
1089.2	0.06204
1089.4	0.06253
1089.6	0.06379
1089.8	0.06459
1090.0	0.06489
1090.2	0.06526
1090.4	0.06633
1090.6	0.06734
1090.8	0.06894
1091.0	0.06995
1091.2	0.07169
1091.4	0.07251
1091.6	0.07404
1091.8	0.07533
1092.0	0.07717
1092.2	0.0783
1092.4	0.07931
1092.6	0.08173
1092.8	0.08266
1093.0	0.08466
1093.2	0.08632
1093.4	0.08819
1093.6	0.08999
1093.8	0.0909
1094.0	0.09482
1094.2	0.09548
1094.4	0.09922
1094.6	0.10176
1094.8	0.10405
1095.0	0.1067
1095.2	0.10951
1095.4	0.11338
1095.6	0.11614
1095.8	0.12007
1096.0	0.123
1096.2	0.12714
1096.4	0.1306
1096.6	0.13426
1096.8	0.13874
1097.0	0.14264
1097.2	0.1475
1097.4	0.15134
1097.6	0.15671
1097.8	0.16165
1098.0	0.16691
1098.2	0.17243
1098.4	0.17679
1098.6	0.18401
1098.8	0.18919
1099.0	0.19727
1099.2	0.20401
1099.4	0.21179
1099.6	0.21829
1099.8	0.22613
1100.0	0.23569
1100.2	0.24365
1100.4	0.25445
1100.6	0.26296
1100.8	0.27433
1101.0	0.28377
1101.2	0.29584
1101.4	0.30713
1101.6	0.31919
1101.8	0.33402
1102.0	0.34502
1102.2	0.36017
1102.4	0.37352
1102.6	0.38872
1102.8	0.40345
1103.0	0.41932
1103.2	0.43285
1103.4	0.45244
1103.6	0.47008
1103.8	0.48509
1104.0	0.50453
1104.2	0.52226
1104.4	0.54043
1104.6	0.5582
1104.8	0.5765
1105.0	0.59383
1105.2	0.61354
1105.4	0.62934
1105.6	0.64837
1105.8	0.66648
1106.0	0.68161
1106.2	0.69689
1106.4	0.71175
1106.6	0.72958
1106.8	0.74015
1107.0	0.7533
1107.2	0.76629
1107.4	0.77634
1107.6	0.78432
1107.8	0.79192
1108.0	0.79658
1108.2	0.80295
1108.4	0.80632
1108.6	0.8072
1108.8	0.80807
1109.0	0.80743
1109.2	0.80701
1109.4	0.80287
1109.6	0.80008
1109.8	0.79054
1110.0	0.79015
1110.2	0.77981
1110.4	0.77429
1110.6	0.76737
1110.8	0.75859
1111.0	0.75107
1111.2	0.74188
1111.4	0.73063
1111.6	0.72129
1111.8	0.71316
1112.0	0.7056
1112.2	0.69618
1112.4	0.6873
1112.6	0.67639
1112.8	0.66674
1113.0	0.65885
1113.2	0.65035
1113.4	0.64265
1113.6	0.63348
1113.8	0.62554
1114.0	0.61803
1114.2	0.60976
1114.4	0.60198
1114.6	0.59629
1114.8	0.58653
1115.0	0.58114
1115.2	0.57401
1115.4	0.56974
1115.6	0.56638
1115.8	0.55833
1116.0	0.55464
1116.2	0.54767
1116.4	0.546
1116.6	0.541
1116.8	0.53771
1117.0	0.53481
1117.2	0.52992
1117.4	0.52726
1117.6	0.52557
1117.8	0.5241
1118.0	0.51862
1118.2	0.51787
1118.4	0.5201
1118.6	0.51469
1118.8	0.51628
1119.0	0.51468
1119.2	0.51491
1119.4	0.51373
1119.6	0.5132
1119.8	0.51349
1120.0	0.50985
1120.2	0.51329
1120.4	0.51622
1120.6	0.51745
1120.8	0.51797
1121.0	0.52095
1121.2	0.52278
1121.4	0.52463
1121.6	0.52648
1121.8	0.52834
1122.0	0.53027
1122.2	0.53494
1122.4	0.53965
1122.6	0.54441
1122.8	0.5492
1123.0	0.55405
1123.2	0.55952
1123.4	0.56505
1123.6	0.57063
1123.8	0.57627
1124.0	0.58199
1124.2	0.58838
1124.4	0.59485
1124.6	0.60138
1124.8	0.60799
1125.0	0.61469
1125.2	0.62322
1125.4	0.63186
1125.6	0.64062
1125.8	0.6495
1126.0	0.65853
1126.2	0.66829
1126.4	0.6782
1126.6	0.68825
1126.8	0.69845
1127.0	0.70878
1127.2	0.71783
1127.4	0.727
1127.6	0.73629
1127.8	0.7457
1128.0	0.75523
1128.2	0.76493
1128.4	0.77475
1128.6	0.7847
1128.8	0.79477
1129.0	0.80493
1129.2	0.81305
1129.4	0.82124
1129.6	0.82952
1129.8	0.83788
1130.0	0.84619
1130.2	0.85142
1130.4	0.85668
1130.6	0.86197
1130.8	0.8673
1131.0	0.87255
1131.2	0.87341
1131.4	0.87427
1131.6	0.87513
1131.8	0.87599
1132.0	0.8768
1132.2	0.87214
1132.4	0.86751
1132.6	0.86291
1132.8	0.85833
1133.0	0.85358
1133.2	0.84342
1133.4	0.83339
1133.6	0.82347
1133.8	0.81368
1134.0	0.80392
1134.2	0.79085
1134.4	0.77799
1134.6	0.76533
1134.8	0.75289
1135.0	0.74049
1135.2	0.72527
1135.4	0.71036
1135.6	0.69575
1135.8	0.68145
1136.0	0.66733
1136.2	0.65035
1136.4	0.63379
1136.6	0.61766
1136.8	0.60193
1137.0	0.58659
1137.2	0.57041
1137.4	0.55468
1137.6	0.53939
1137.8	0.52451
1138.0	0.51006
1138.2	0.49634
1138.4	0.48298
1138.6	0.46999
1138.8	0.45734
1139.0	0.44504
1139.2	0.43317
1139.4	0.42161
1139.6	0.41037
1139.8	0.39942
1140.0	0.38879
1140.2	0.37875
1140.4	0.36897
1140.6	0.35944
1140.8	0.35016
1141.0	0.34114
1141.2	0.33272
1141.4	0.32451
1141.6	0.3165
1141.8	0.30869
1142.0	0.30108
1142.2	0.29373
1142.4	0.28657
1142.6	0.27958
1142.8	0.27277
1143.0	0.26612
1143.2	0.25967
1143.4	0.25338
1143.6	0.24724
1143.8	0.24125
1144.0	0.23548
1144.2	0.23126
1144.4	0.22712
1144.6	0.22306
1144.8	0.21907
1145.0	0.21514
1145.2	0.21109
1145.4	0.20712
1145.6	0.20322
1145.8	0.19939
1146.0	0.19564
1146.2	0.19184
1146.4	0.18812
1146.6	0.18447
1146.8	0.18089
1147.0	0.17741
1147.2	0.17473
1147.4	0.17208
1147.6	0.16948
1147.8	0.16691
1148.0	0.1644
1148.2	0.1623
1148.4	0.16022
1148.6	0.15816
1148.8	0.15614
1149.0	0.15413
1149.2	0.15185
1149.4	0.1496
1149.6	0.14739
1149.8	0.14521
1150.0	0.14306
1150.2	0.14138
1150.4	0.13972
1150.6	0.13808
1150.8	0.13646
1151.0	0.13486
1151.2	0.13385
1151.4	0.13285
1151.6	0.13185
1151.8	0.13086
1152.0	0.12985
1152.2	0.12844
1152.4	0.12704
1152.6	0.12566
1152.8	0.12429
1153.0	0.12295
1153.2	0.12213
1153.4	0.12132
1153.6	0.12051
1153.8	0.11971
1154.0	0.11893
1154.2	0.11845
1154.4	0.11797
1154.6	0.11749
1154.8	0.11701
1155.0	0.11653
1155.2	0.11574
1155.4	0.11495
1155.6	0.11417
1155.8	0.1134
1156.0	0.11264
1156.2	0.11245
1156.4	0.11226
1156.6	0.11207
1156.8	0.11188
1157.0	0.11168
1157.2	0.1114
1157.4	0.11112
1157.6	0.11083
1157.8	0.11055
1158.0	0.11027
1158.2	0.11007
1158.4	0.10988
1158.6	0.10968
1158.8	0.10949
1159.0	0.1093
1159.2	0.10962
1159.4	0.10995
1159.6	0.11028
1159.8	0.1106
1160.0	0.11091
1160.2	0.11083
1160.4	0.11075
1160.6	0.11066
1160.8	0.11058
1161.0	0.11053
1161.2	0.11107
1161.4	0.11161
1161.6	0.11216
1161.8	0.11271
1162.0	0.11325
1162.2	0.1136
1162.4	0.11395
1162.6	0.11431
1162.8	0.11466
1163.0	0.11502
1163.2	0.11551
1163.4	0.116
1163.6	0.11648
1163.8	0.11698
1164.0	0.11749
1164.2	0.1184
1164.4	0.11932
1164.6	0.12025
1164.8	0.12119
1165.0	0.12212
1165.2	0.12276
1165.4	0.12341
1165.6	0.12406
1165.8	0.12471
1166.0	0.1254
1166.2	0.12668
1166.4	0.12797
1166.6	0.12927
1166.8	0.13059
1167.0	0.13191
1167.2	0.13299
1167.4	0.13409
1167.6	0.13519
1167.8	0.13631
1168.0	0.13745
1168.2	0.13905
1168.4	0.14067
1168.6	0.14231
1168.8	0.14396
1169.0	0.14563
1169.2	0.14716
1169.4	0.14871
1169.6	0.15027
1169.8	0.15185
1170.0	0.15347
1170.2	0.15542
1170.4	0.15739
1170.6	0.15939
1170.8	0.16142
1171.0	0.16347
1171.2	0.16574
1171.4	0.16805
1171.6	0.17038
1171.8	0.17275
1172.0	0.17515
1172.2	0.17757
1172.4	0.18002
1172.6	0.18251
1172.8	0.18504
1173.0	0.18761
1173.2	0.19067
1173.4	0.19378
1173.6	0.19694
1173.8	0.20015
1174.0	0.20341
1174.2	0.20658
1174.4	0.2098
1174.6	0.21307
1174.8	0.21639
1175.0	0.21978
1175.2	0.22374
1175.4	0.22778
1175.6	0.23189
1175.8	0.23607
1176.0	0.24032
1176.2	0.24438
1176.4	0.2485
1176.6	0.25269
1176.8	0.25696
1177.0	0.2613
1177.2	0.26632
1177.4	0.27143
1177.6	0.27664
1177.8	0.28195
1178.0	0.28736
1178.2	0.29281
1178.4	0.29837
1178.6	0.30403
1178.8	0.3098
1179.0	0.31569
1179.2	0.32199
1179.4	0.32841
1179.6	0.33495
1179.8	0.34163
1180.0	0.34845
1180.2	0.35561
1180.4	0.36291
1180.6	0.37036
1180.8	0.37797
1181.0	0.38571
1181.2	0.39327
1181.4	0.40097
1181.6	0.40882
1181.8	0.41683
1182.0	0.425
1182.2	0.43391
1182.4	0.44301
1182.6	0.4523
1182.8	0.46178
1183.0	0.47143
1183.2	0.48008
1183.4	0.48889
1183.6	0.49787
1183.8	0.50701
1184.0	0.51637
1184.2	0.52716
1184.4	0.53817
1184.6	0.54941
1184.8	0.56089
1185.0	0.57256
1185.2	0.58178
1185.4	0.59115
1185.6	0.60067
1185.8	0.61034
1186.0	0.62021
1186.2	0.6316
1186.4	0.6432
1186.6	0.65501
1186.8	0.66704
1187.0	0.67915
1187.2	0.68848
1187.4	0.69794
1187.6	0.70753
1187.8	0.71725
1188.0	0.72711
1188.2	0.73736
1188.4	0.74776
1188.6	0.7583
1188.8	0.76899
1189.0	0.77976
1189.2	0.78805
1189.4	0.79644
1189.6	0.80491
1189.8	0.81348
1190.0	0.82208
1190.2	0.82952
1190.4	0.83704
1190.6	0.84462
1190.8	0.85227
1191.0	0.85996
1191.2	0.86608
1191.4	0.87225
1191.6	0.87846
1191.8	0.88472
1192.0	0.89092
1192.2	0.89495
1192.4	0.899
1192.6	0.90307
1192.8	0.90715
1193.0	0.91123
1193.2	0.91433
1193.4	0.91743
1193.6	0.92055
1193.8	0.92367
1194.0	0.92674
1194.2	0.92822
1194.4	0.9297
1194.6	0.93119
1194.8	0.93267
1195.0	0.93414
1195.2	0.93477
1195.4	0.93539
1195.6	0.93601
1195.8	0.93664
1196.0	0.93722
1196.2	0.93667
1196.4	0.93612
1196.6	0.93556
1196.8	0.93501
1197.0	0.93446
1197.2	0.93382
1197.4	0.93318
1197.6	0.93255
1197.8	0.93191
1198.0	0.93127
1198.2	0.9305
1198.4	0.92972
1198.6	0.92895
1198.8	0.92818
1199.0	0.9274
1199.2	0.92597
1199.4	0.92453
1199.6	0.9231
1199.8	0.92167
1200.0	0.92024
