300.0	1.1924e-07
300.2	1.1792e-07
300.4	1.1661e-07
300.6	1.1532e-07
300.8	1.1405e-07
301.0	1.1278e-07
301.2	1.1154e-07
301.4	1.103e-07
301.6	1.0908e-07
301.8	1.0788e-07
302.0	1.0668e-07
302.2	1.055e-07
302.4	1.0433e-07
302.6	1.0318e-07
302.8	1.0204e-07
303.0	1.0091e-07
303.2	9.9792e-08
303.4	9.8688e-08
303.6	9.7596e-08
303.8	9.864e-08
304.0	1.4022e-07
304.2	1.9932e-07
304.4	2.8334e-07
304.6	4.0277e-07
304.8	5.7254e-07
305.0	8.1388e-07
305.2	9.2647e-07
305.4	1.0546e-06
305.6	1.2005e-06
305.8	1.3666e-06
306.0	1.5557e-06
306.2	1.7709e-06
306.4	2.0159e-06
306.6	2.2948e-06
306.8	2.1184e-06
307.0	1.7989e-06
307.2	1.5275e-06
307.4	1.2971e-06
307.6	1.1015e-06
307.8	9.3533e-07
308.0	7.9425e-07
308.2	6.7445e-07
308.4	5.7272e-07
308.6	4.8633e-07
308.8	4.1298e-07
309.0	3.5068e-07
309.2	2.9779e-07
309.4	2.5287e-07
309.6	2.1473e-07
309.8	1.8234e-07
310.0	1.5484e-07
310.2	1.3148e-07
310.4	1.1165e-07
310.6	9.4809e-08
310.8	8.4209e-08
311.0	8.3723e-08
311.2	8.324e-08
311.4	8.2759e-08
311.6	8.2281e-08
311.8	8.1806e-08
312.0	8.1333e-08
312.2	8.0864e-08
312.4	8.0397e-08
312.6	7.9932e-08
312.8	7.9471e-08
313.0	7.9012e-08
313.2	7.8555e-08
313.4	7.8102e-08
313.6	7.7651e-08
313.8	7.7202e-08
314.0	7.6756e-08
314.2	7.6313e-08
314.4	7.5872e-08
314.6	7.5434e-08
314.8	7.4999e-08
315.0	8.4949e-08
315.2	9.8113e-08
315.4	1.1332e-07
315.6	1.3088e-07
315.8	1.5116e-07
316.0	1.7458e-07
316.2	2.0163e-07
316.4	2.3288e-07
316.6	2.6897e-07
316.8	3.1064e-07
317.0	3.5878e-07
317.2	4.1438e-07
317.4	4.7859e-07
317.6	5.5275e-07
317.8	6.3841e-07
318.0	7.3734e-07
318.2	8.516e-07
318.4	9.8356e-07
318.6	1.136e-06
318.8	1.312e-06
319.0	1.3916e-06
319.2	1.3383e-06
319.4	1.2871e-06
319.6	1.2378e-06
319.8	1.1904e-06
320.0	1.1448e-06
320.2	1.1009e-06
320.4	1.0588e-06
320.6	1.0182e-06
320.8	9.7921e-07
321.0	9.417e-07
321.2	9.0563e-07
321.4	8.7095e-07
321.6	8.3759e-07
321.8	8.0551e-07
322.0	7.7466e-07
322.2	7.4499e-07
322.4	7.1645e-07
322.6	6.8901e-07
322.8	6.6262e-07
323.0	6.3813e-07
323.2	6.2702e-07
323.4	6.161e-07
323.6	6.0536e-07
323.8	5.9482e-07
324.0	5.8446e-07
324.2	5.7428e-07
324.4	5.6428e-07
324.6	5.5445e-07
324.8	5.4479e-07
325.0	5.353e-07
325.2	5.2598e-07
325.4	5.1681e-07
325.6	5.0781e-07
325.8	4.9897e-07
326.0	4.9028e-07
326.2	4.8174e-07
326.4	4.7335e-07
326.6	4.651e-07
326.8	4.57e-07
327.0	4.4904e-07
327.2	4.5611e-07
327.4	4.7059e-07
327.6	4.8553e-07
327.8	5.0094e-07
328.0	5.1684e-07
328.2	5.3325e-07
328.4	5.5018e-07
328.6	5.6764e-07
328.8	5.8566e-07
329.0	6.0425e-07
329.2	6.2343e-07
329.4	6.4322e-07
329.6	6.6364e-07
329.8	6.8471e-07
330.0	7.0645e-07
330.2	7.2887e-07
330.4	7.5201e-07
330.6	7.7588e-07
330.8	8.0051e-07
331.0	8.2592e-07
331.2	8.5111e-07
331.4	8.7458e-07
331.6	8.987e-07
331.8	9.2348e-07
332.0	9.4895e-07
332.2	9.7512e-07
332.4	1.002e-06
332.6	1.0296e-06
332.8	1.058e-06
333.0	1.0872e-06
333.2	1.1172e-06
333.4	1.148e-06
333.6	1.1797e-06
333.8	1.2122e-06
334.0	1.2456e-06
334.2	1.28e-06
334.4	1.3153e-06
334.6	1.3516e-06
334.8	1.3888e-06
335.0	1.4271e-06
335.2	1.4665e-06
335.4	1.4626e-06
335.6	1.4555e-06
335.8	1.4484e-06
336.0	1.4414e-06
336.2	1.4344e-06
336.4	1.4274e-06
336.6	1.4204e-06
336.8	1.4135e-06
337.0	1.4066e-06
337.2	1.3998e-06
337.4	1.393e-06
337.6	1.3862e-06
337.8	1.3795e-06
338.0	1.3727e-06
338.2	1.3661e-06
338.4	1.3594e-06
338.6	1.3528e-06
338.8	1.3462e-06
339.0	1.3397e-06
339.2	1.3331e-06
339.4	1.3267e-06
339.6	1.3203e-06
339.8	1.3139e-06
340.0	1.3076e-06
340.2	1.3013e-06
340.4	1.295e-06
340.6	1.2887e-06
340.8	1.2825e-06
341.0	1.2763e-06
341.2	1.2702e-06
341.4	1.264e-06
341.6	1.2579e-06
341.8	1.2519e-06
342.0	1.2458e-06
342.2	1.2398e-06
342.4	1.2339e-06
342.6	1.2279e-06
342.8	1.222e-06
343.0	1.2161e-06
343.2	1.2102e-06
343.4	1.2074e-06
343.6	1.2154e-06
343.8	1.2235e-06
344.0	1.2316e-06
344.2	1.2397e-06
344.4	1.2479e-06
344.6	1.2562e-06
344.8	1.2645e-06
345.0	1.2729e-06
345.2	1.2813e-06
345.4	1.2898e-06
345.6	1.2983e-06
345.8	1.3069e-06
346.0	1.3156e-06
346.2	1.3243e-06
346.4	1.3331e-06
346.6	1.3419e-06
346.8	1.3508e-06
347.0	1.3597e-06
347.2	1.3688e-06
347.4	1.3778e-06
347.6	1.4116e-06
347.8	1.4497e-06
348.0	1.4889e-06
348.2	1.5291e-06
348.4	1.5703e-06
348.6	1.6127e-06
348.8	1.6563e-06
349.0	1.701e-06
349.2	1.7469e-06
349.4	1.794e-06
349.6	1.8425e-06
349.8	1.8922e-06
350.0	1.9433e-06
350.2	1.9958e-06
350.4	2.0496e-06
350.6	2.105e-06
350.8	2.1618e-06
351.0	2.2201e-06
351.2	2.2801e-06
351.4	2.3416e-06
351.6	2.3677e-06
351.8	2.3637e-06
352.0	2.3597e-06
352.2	2.3557e-06
352.4	2.3517e-06
352.6	2.3477e-06
352.8	2.3437e-06
353.0	2.3398e-06
353.2	2.3358e-06
353.4	2.3319e-06
353.6	2.3279e-06
353.8	2.324e-06
354.0	2.32e-06
354.2	2.3161e-06
354.4	2.3122e-06
354.6	2.3083e-06
354.8	2.3044e-06
355.0	2.3005e-06
355.2	2.2966e-06
355.4	2.2927e-06
355.6	2.3704e-06
355.8	2.7649e-06
356.0	3.225e-06
356.2	3.7617e-06
356.4	4.3878e-06
356.6	5.118e-06
356.8	5.9697e-06
357.0	6.9632e-06
357.2	8.122e-06
357.4	9.4737e-06
357.6	1.105e-05
357.8	1.2889e-05
358.0	1.5034e-05
358.2	1.7537e-05
358.4	2.0455e-05
358.6	2.3859e-05
358.8	2.783e-05
359.0	3.2461e-05
359.2	3.7864e-05
359.4	4.4165e-05
359.6	5.1515e-05
359.8	5.652e-05
360.0	6.166e-05
360.2	6.7267e-05
360.4	7.3384e-05
360.6	8.0057e-05
360.8	8.7338e-05
361.0	9.528e-05
361.2	1.0394e-04
361.4	1.134e-04
361.6	1.2371e-04
361.8	1.3496e-04
362.0	1.4723e-04
362.2	1.6062e-04
362.4	1.7523e-04
362.6	1.9116e-04
362.8	2.0854e-04
363.0	2.2751e-04
363.2	2.482e-04
363.4	2.7077e-04
363.6	2.9539e-04
363.8	3.3328e-04
364.0	3.8422e-04
364.2	4.4294e-04
364.4	5.1063e-04
364.6	5.8867e-04
364.8	6.7863e-04
365.0	7.8235e-04
365.2	0.00131
365.4	0.0013
365.6	0.00129
365.8	0.00139
366.0	0.00156
366.2	0.00173
366.4	0.0017
366.6	0.00134
366.8	0.00112
367.0	9.9617e-04
367.2	9.9928e-04
367.4	8.5679e-04
367.6	8.851e-04
367.8	8.0301e-04
368.0	8.5971e-04
368.2	7.385e-04
368.4	8.5757e-04
368.6	8.7977e-04
368.8	8.4414e-04
369.0	8.4132e-04
369.2	9.9138e-04
369.4	0.00104
369.6	0.001
369.8	9.1962e-04
370.0	9.4107e-04
370.2	8.5193e-04
370.4	8.8494e-04
370.6	8.0429e-04
370.8	9.0995e-04
371.0	9.0399e-04
371.2	9.6541e-04
371.4	9.522e-04
371.6	0.00103
371.8	0.00101
372.0	0.00108
372.2	0.00124
372.4	0.00128
372.6	0.0014
372.8	0.00148
373.0	0.00162
373.2	0.00177
373.4	0.00203
373.6	0.00216
373.8	0.00221
374.0	0.00235
374.2	0.00241
374.4	0.00246
374.6	0.00259
374.8	0.00261
375.0	0.00253
375.2	0.00258
375.4	0.00262
375.6	0.00262
375.8	0.00259
376.0	0.00266
376.2	0.0027
376.4	0.00271
376.6	0.00272
376.8	0.00271
377.0	0.00288
377.2	0.00295
377.4	0.00304
377.6	0.00319
377.8	0.00371
378.0	0.0048
378.2	0.0071
378.4	0.01167
378.6	0.01837
378.8	0.02462
379.0	0.02763
379.2	0.02781
379.4	0.02664
379.6	0.02605
379.8	0.02712
380.0	0.03141
380.2	0.0413
380.4	0.06228
380.6	0.10136
380.8	0.14065
381.0	0.13515
381.2	0.10333
381.4	0.08205
381.6	0.07528
381.8	0.08042
382.0	0.10095
382.2	0.1454
382.4	0.22052
382.6	0.29017
382.8	0.29212
383.0	0.24753
383.2	0.21661
383.4	0.21361
383.6	0.24228
383.8	0.30481
384.0	0.39279
384.2	0.46618
384.4	0.48506
384.6	0.47509
384.8	0.48938
385.0	0.55242
385.2	0.6401
385.4	0.63571
385.6	0.49942
385.8	0.34929
386.0	0.26074
386.2	0.22683
386.4	0.23916
386.6	0.29341
386.8	0.33042
387.0	0.2394
387.2	0.12202
387.4	0.06206
387.6	0.03692
387.8	0.02508
388.0	0.01891
388.2	0.01533
388.4	0.01349
388.6	0.01291
388.8	0.01318
389.0	0.01465
389.2	0.01782
389.4	0.02312
389.6	0.03298
389.8	0.04996
390.0	0.07643
390.2	0.1048
390.4	0.10668
390.6	0.07487
390.8	0.04206
391.0	0.02404
391.2	0.01516
391.4	0.01076
391.6	0.00841
391.8	0.00717
392.0	0.00655
392.2	0.00666
392.4	0.0076
392.6	0.01005
392.8	0.01339
393.0	0.01152
393.2	0.00677
393.4	0.00423
393.6	0.00321
393.8	0.0028
394.0	0.00262
394.2	0.00242
394.4	0.00236
394.6	0.00227
394.8	0.0022
395.0	6.6002e-04
395.2	5.7869e-04
395.4	5.0738e-04
395.6	4.4486e-04
395.8	3.9004e-04
396.0	3.4198e-04
396.2	2.9984e-04
396.4	2.6289e-04
396.6	2.305e-04
396.8	2.0209e-04
397.0	1.7719e-04
397.2	1.5536e-04
397.4	1.3621e-04
397.6	1.1943e-04
397.8	1.0471e-04
398.0	9.5571e-05
398.2	8.8002e-05
398.4	8.1032e-05
398.6	7.4613e-05
398.8	6.8704e-05
399.0	6.3262e-05
399.2	5.8252e-05
399.4	5.3638e-05
399.6	4.9389e-05
399.8	4.5478e-05
400.0	4.1876e-05
400.2	3.8559e-05
400.4	3.5505e-05
400.6	3.2693e-05
400.8	3.0103e-05
401.0	2.7719e-05
401.2	2.5524e-05
401.4	2.3502e-05
401.6	2.1641e-05
401.8	1.9927e-05
402.0	1.9549e-05
402.2	2.031e-05
402.4	2.11e-05
402.6	2.1922e-05
402.8	2.2775e-05
403.0	2.3662e-05
403.2	2.4583e-05
403.4	2.554e-05
403.6	2.6534e-05
403.8	2.7567e-05
404.0	2.8641e-05
404.2	2.9756e-05
404.4	3.0914e-05
404.6	3.2117e-05
404.8	3.3368e-05
405.0	3.4667e-05
405.2	3.5472e-05
405.4	3.6295e-05
405.6	3.7138e-05
405.8	3.8e-05
406.0	3.8883e-05
406.2	3.9785e-05
406.4	4.0709e-05
406.6	4.1655e-05
406.8	4.2622e-05
407.0	4.3611e-05
407.2	4.4624e-05
407.4	4.566e-05
407.6	4.672e-05
407.8	4.7805e-05
408.0	4.9717e-05
408.2	5.1917e-05
408.4	5.4213e-05
408.6	5.6611e-05
408.8	5.9116e-05
409.0	6.1731e-05
409.2	6.4461e-05
409.4	6.7313e-05
409.6	7.0291e-05
409.8	7.34e-05
410.0	7.6647e-05
410.2	8.0038e-05
410.4	8.3578e-05
410.6	8.7275e-05
410.8	9.1136e-05
411.0	9.5168e-05
411.2	9.9378e-05
411.4	1.0377e-04
411.6	1.0836e-04
411.8	1.1316e-04
412.0	1.2113e-04
412.2	1.3274e-04
412.4	1.4545e-04
412.6	1.5939e-04
412.8	1.7466e-04
413.0	1.9139e-04
413.2	2.0972e-04
413.4	2.2982e-04
413.6	2.5183e-04
413.8	2.7596e-04
414.0	3.0239e-04
414.2	3.3136e-04
414.4	3.6311e-04
414.6	3.9789e-04
414.8	4.3601e-04
415.0	4.7778e-04
415.2	4.9936e-04
415.4	4.7896e-04
415.6	4.8049e-04
415.8	4.4541e-04
416.0	4.8914e-04
416.2	4.0646e-04
416.4	4.9283e-04
416.6	5.8388e-04
416.8	5.6934e-04
417.0	6.5084e-04
417.2	7.0198e-04
417.4	8.374e-04
417.6	0.00114
417.8	0.00163
418.0	0.00263
418.2	0.00423
418.4	0.00608
418.6	0.00647
418.8	0.00566
419.0	0.00463
419.2	0.00411
419.4	0.00379
419.6	0.00379
419.8	0.00396
420.0	0.00428
420.2	0.00487
420.4	0.00585
420.6	0.00744
420.8	0.00997
421.0	0.014
421.2	0.02028
421.4	0.02917
421.6	0.04002
421.8	0.05097
422.0	0.05979
422.2	0.06691
422.4	0.07426
422.6	0.08394
422.8	0.09769
423.0	0.11815
423.2	0.14584
423.4	0.1844
423.6	0.23812
423.8	0.31793
424.0	0.44612
424.2	0.63872
424.4	0.78737
424.6	0.65987
424.8	0.399
425.0	0.22109
425.2	0.14696
425.4	0.08977
425.6	0.06101
425.8	0.04508
426.0	0.03585
426.2	0.03057
426.4	0.02759
426.6	0.02627
426.8	0.02644
427.0	0.02797
427.2	0.03089
427.4	0.03519
427.6	0.04026
427.8	0.0442
428.0	0.04508
428.2	0.04181
428.4	0.03582
428.6	0.02976
428.8	0.02473
429.0	0.02118
429.2	0.01887
429.4	0.01751
429.6	0.01697
429.8	0.01724
430.0	0.01835
430.2	0.02047
430.4	0.0242
430.6	0.03022
430.8	0.04041
431.0	0.0583
431.2	0.09312
431.4	0.16568
431.6	0.32418
431.8	0.57307
432.0	0.66899
432.2	0.51096
432.4	0.35337
432.6	0.26727
432.8	0.22726
433.0	0.21387
433.2	0.22
433.4	0.24261
433.6	0.28295
433.8	0.34319
434.0	0.41956
434.2	0.50153
434.4	0.56828
434.6	0.60588
434.8	0.60525
435.0	0.57126
435.2	0.50626
435.4	0.41413
435.6	0.31495
435.8	0.22672
436.0	0.15889
436.2	0.11313
436.4	0.08248
436.6	0.06285
436.8	0.04983
437.0	0.04121
437.2	0.03562
437.4	0.03209
437.6	0.03017
437.8	0.02963
438.0	0.03051
438.2	0.03297
438.4	0.03741
438.6	0.0448
438.8	0.05643
439.0	0.07344
439.2	0.09466
439.4	0.11191
439.6	0.11204
439.8	0.09443
440.0	0.07293
440.2	0.05547
440.4	0.0437
440.6	0.03616
440.8	0.03148
441.0	0.02875
441.2	0.02763
441.4	0.02775
441.6	0.02907
441.8	0.03191
442.0	0.03636
442.2	0.04288
442.4	0.05147
442.6	0.06055
442.8	0.06775
443.0	0.06849
443.2	0.06292
443.4	0.05381
443.6	0.04489
443.8	0.03768
444.0	0.03261
444.2	0.02925
444.4	0.02716
444.6	0.02627
444.8	0.02625
445.0	0.02717
445.2	0.02902
445.4	0.03219
445.6	0.03628
445.8	0.04187
446.0	0.04882
446.2	0.05688
446.4	0.06557
446.6	0.07444
446.8	0.08322
447.0	0.09173
447.2	0.10156
447.4	0.11439
447.6	0.13339
447.8	0.16434
448.0	0.21461
448.2	0.29647
448.4	0.39643
448.6	0.43654
448.8	0.35031
449.0	0.22659
449.2	0.14086
449.4	0.09205
449.6	0.06453
449.8	0.0486
450.0	0.03878
450.2	0.03252
450.4	0.02856
450.6	0.0261
450.8	0.02484
451.0	0.02453
451.2	0.02521
451.4	0.02699
451.6	0.03007
451.8	0.03505
452.0	0.04284
452.2	0.05533
452.4	0.07525
452.6	0.10688
452.8	0.15281
453.0	0.20174
453.2	0.22148
453.4	0.19901
453.6	0.1566
453.8	0.12031
454.0	0.09543
454.2	0.07976
454.4	0.07017
454.6	0.06489
454.8	0.06282
455.0	0.06332
455.2	0.06646
455.4	0.07249
455.6	0.08199
455.8	0.09563
456.0	0.11478
456.2	0.14008
456.4	0.17234
456.6	0.2093
456.8	0.24664
457.0	0.27911
457.2	0.30213
457.4	0.31612
457.6	0.32701
457.8	0.34002
458.0	0.36139
458.2	0.39533
458.4	0.4469
458.6	0.519
458.8	0.6087
459.0	0.70135
459.2	0.76348
459.4	0.76422
459.6	0.70607
459.8	0.61995
460.0	0.53811
460.2	0.47493
460.4	0.43445
460.6	0.41625
460.8	0.41802
461.0	0.44142
461.2	0.48652
461.4	0.55029
461.6	0.61606
461.8	0.64719
462.0	0.60288
462.2	0.49613
462.4	0.3769
462.6	0.27925
462.8	0.20947
463.0	0.16288
463.2	0.13175
463.4	0.11102
463.6	0.09742
463.8	0.08906
464.0	0.08434
464.2	0.08341
464.4	0.08554
464.6	0.09191
464.8	0.10326
465.0	0.1216
465.2	0.15226
465.4	0.20282
465.6	0.28946
465.8	0.43861
466.0	0.66074
466.2	0.84806
466.4	0.81524
466.6	0.62143
466.8	0.43742
467.0	0.31892
467.2	0.24907
467.4	0.20905
467.6	0.18766
467.8	0.17918
468.0	0.18101
468.2	0.19218
468.4	0.21919
468.6	0.26766
468.8	0.35156
469.0	0.49591
469.2	0.7094
469.4	0.88924
469.6	0.83808
469.8	0.60727
470.0	0.39866
470.2	0.26852
470.4	0.1939
470.6	0.14989
470.8	0.12315
471.0	0.10687
471.2	0.09717
471.4	0.09249
471.6	0.09192
471.8	0.09506
472.0	0.10236
472.2	0.11383
472.4	0.12938
472.6	0.14706
472.8	0.16047
473.0	0.16263
473.2	0.14836
473.4	0.12449
473.6	0.0989
473.8	0.07745
474.0	0.06147
474.2	0.04997
474.4	0.04191
474.6	0.0362
474.8	0.03225
475.0	0.02951
475.2	0.02768
475.4	0.02682
475.6	0.02661
475.8	0.02719
476.0	0.02853
476.2	0.0307
476.4	0.0341
476.6	0.03918
476.8	0.04672
477.0	0.05779
477.2	0.07441
477.4	0.09967
477.6	0.13922
477.8	0.19827
478.0	0.27493
478.2	0.3451
478.4	0.36869
478.6	0.34041
478.8	0.28999
479.0	0.24503
479.2	0.21369
479.4	0.195
479.6	0.18742
479.8	0.18963
480.0	0.20221
480.2	0.22673
480.4	0.26573
480.6	0.32118
480.8	0.387
481.0	0.43661
481.2	0.43238
481.4	0.37134
481.6	0.28692
481.8	0.21407
482.0	0.16109
482.2	0.12511
482.4	0.10092
482.6	0.08462
482.8	0.07367
483.0	0.06625
483.2	0.06145
483.4	0.05883
483.6	0.05797
483.8	0.05906
484.0	0.06191
484.2	0.06689
484.4	0.07468
484.6	0.08622
484.8	0.10313
485.0	0.12778
485.2	0.164
485.4	0.21648
485.6	0.28888
485.8	0.37381
486.0	0.44608
486.2	0.46952
486.4	0.43568
486.6	0.37432
486.8	0.3137
487.0	0.26608
487.2	0.23238
487.4	0.21037
487.6	0.19777
487.8	0.19247
488.0	0.19455
488.2	0.20346
488.4	0.21992
488.6	0.24594
488.8	0.28415
489.0	0.33735
489.2	0.41017
489.4	0.50511
489.6	0.61726
489.8	0.7327
490.0	0.82074
490.2	0.85969
490.4	0.84705
490.6	0.80021
490.8	0.74576
491.0	0.69928
491.2	0.66751
491.4	0.65202
491.6	0.65334
491.8	0.66859
492.0	0.69219
492.2	0.71758
492.4	0.73227
492.6	0.72298
492.8	0.68487
493.0	0.62189
493.2	0.5457
493.4	0.47041
493.6	0.40433
493.8	0.351
494.0	0.30967
494.2	0.28025
494.4	0.25977
494.6	0.24778
494.8	0.24356
495.0	0.24633
495.2	0.25758
495.4	0.27731
495.6	0.30735
495.8	0.34942
496.0	0.40205
496.2	0.45805
496.4	0.50089
496.6	0.50899
496.8	0.46983
497.0	0.40047
497.2	0.32477
497.4	0.25901
497.6	0.20777
497.8	0.17019
498.0	0.14278
498.2	0.12295
498.4	0.10924
498.6	0.09953
498.8	0.09328
499.0	0.08978
499.2	0.08882
499.4	0.09023
499.6	0.09428
499.8	0.10157
500.0	0.12413
500.2	0.16232
500.4	0.202
500.6	0.26178
500.8	0.35185
501.0	0.48259
501.2	0.64365
501.4	0.77633
501.6	0.78677
501.8	0.67626
502.0	0.53135
502.2	0.41044
502.4	0.32483
502.6	0.267
502.8	0.22888
503.0	0.204
503.2	0.18842
503.4	0.18068
503.6	0.17881
503.8	0.18315
504.0	0.19341
504.2	0.21078
504.4	0.2368
504.6	0.27371
504.8	0.32491
505.0	0.39241
505.2	0.47589
505.4	0.56265
505.6	0.63137
505.8	0.65523
506.0	0.62607
506.2	0.56274
506.4	0.49081
506.6	0.42664
506.8	0.37618
507.0	0.34013
507.2	0.31621
507.4	0.30372
507.6	0.30141
507.8	0.30816
508.0	0.32468
508.2	0.35095
508.4	0.38827
508.6	0.43427
508.8	0.48262
509.0	0.52046
509.2	0.53024
509.4	0.50403
509.6	0.44753
509.8	0.37883
510.0	0.29936
510.2	0.2467
510.4	0.20669
510.6	0.17675
510.8	0.1549
511.0	0.13923
511.2	0.12857
511.4	0.12193
511.6	0.11865
511.8	0.11861
512.0	0.1219
512.2	0.12885
512.4	0.14028
512.6	0.15778
512.8	0.18314
513.0	0.22034
513.2	0.27553
513.4	0.3567
513.6	0.47393
513.8	0.63011
514.0	0.79241
514.2	0.87886
514.4	0.83458
514.6	0.69519
514.8	0.54907
515.0	0.43376
515.2	0.35214
515.4	0.29682
515.6	0.26068
515.8	0.23815
516.0	0.22629
516.2	0.2238
516.4	0.22998
516.6	0.24569
516.8	0.27408
517.0	0.31827
517.2	0.38485
517.4	0.47878
517.6	0.59756
517.8	0.70439
518.0	0.73139
518.2	0.64275
518.4	0.49682
518.6	0.36305
518.8	0.26488
519.0	0.19804
519.2	0.15347
519.4	0.12358
519.6	0.10291
519.8	0.08847
520.0	0.07598
520.2	0.06807
520.4	0.06463
520.6	0.06291
520.8	0.06278
521.0	0.06443
521.2	0.06785
521.4	0.07346
521.6	0.08191
521.8	0.09441
522.0	0.11277
522.2	0.14009
522.4	0.18207
522.6	0.24929
522.8	0.35918
523.0	0.53505
523.2	0.76631
523.4	0.92626
523.6	0.85137
523.8	0.64335
524.0	0.45652
524.2	0.33205
524.4	0.25377
524.6	0.2055
524.8	0.17502
525.0	0.15598
525.2	0.14532
525.4	0.14094
525.6	0.14271
525.8	0.15088
526.0	0.16657
526.2	0.19346
526.4	0.23675
526.6	0.3076
526.8	0.42174
527.0	0.58709
527.2	0.73469
527.4	0.71851
527.6	0.53902
527.8	0.35036
528.0	0.22583
528.2	0.15178
528.4	0.10797
528.6	0.08063
528.8	0.06296
529.0	0.05086
529.2	0.04249
529.4	0.03648
529.6	0.03215
529.8	0.029
530.0	0.02628
530.2	0.02455
530.4	0.02388
530.6	0.02367
530.8	0.02399
531.0	0.02472
531.2	0.02603
531.4	0.02805
531.6	0.03082
531.8	0.03471
532.0	0.04009
532.2	0.04764
532.4	0.0585
532.6	0.07467
532.8	0.09922
533.0	0.13856
533.2	0.20469
533.4	0.3173
533.6	0.48952
533.8	0.65892
534.0	0.66529
534.2	0.51716
534.4	0.36144
534.6	0.25517
534.8	0.18919
535.0	0.14864
535.2	0.12287
535.4	0.10591
535.6	0.09474
535.8	0.08778
536.0	0.08364
536.2	0.08226
536.4	0.08312
536.6	0.08615
536.8	0.09172
537.0	0.10022
537.2	0.11237
537.4	0.12961
537.6	0.15372
537.8	0.18761
538.0	0.23498
538.2	0.30134
538.4	0.39146
538.6	0.50287
538.8	0.61609
539.0	0.69449
539.2	0.70279
539.4	0.64773
539.6	0.56509
539.8	0.48388
540.0	0.40478
540.2	0.34921
540.4	0.31981
540.6	0.30149
540.8	0.29163
541.0	0.28952
541.2	0.29368
541.4	0.30404
541.6	0.31951
541.8	0.3378
542.0	0.35602
542.2	0.3704
542.4	0.37684
542.6	0.37031
542.8	0.35114
543.0	0.32197
543.2	0.28856
543.4	0.25541
543.6	0.22524
543.8	0.1994
544.0	0.17882
544.2	0.16283
544.4	0.15105
544.6	0.14288
544.8	0.13763
545.0	0.13568
545.2	0.13696
545.4	0.14147
545.6	0.14984
545.8	0.16254
546.0	0.18133
546.2	0.2089
546.4	0.24847
546.6	0.30432
546.8	0.38517
547.0	0.49819
547.2	0.64222
547.4	0.78424
547.6	0.84987
547.8	0.78444
548.0	0.63927
548.2	0.48761
548.4	0.36742
548.6	0.28214
548.8	0.22306
549.0	0.18193
549.2	0.15259
549.4	0.13155
549.6	0.11647
549.8	0.10579
550.0	0.0968
550.2	0.09075
550.4	0.08801
550.6	0.08707
550.8	0.08773
551.0	0.08966
551.2	0.09268
551.4	0.09723
551.6	0.10329
551.8	0.11064
552.0	0.11874
552.2	0.12713
552.4	0.13556
552.6	0.14323
552.8	0.1489
553.0	0.15161
553.2	0.15123
553.4	0.14856
553.6	0.14412
553.8	0.1388
554.0	0.13275
554.2	0.12738
554.4	0.12324
554.6	0.1204
554.8	0.11914
555.0	0.11928
555.2	0.12119
555.4	0.12567
555.6	0.13282
555.8	0.14292
556.0	0.15646
556.2	0.17496
556.4	0.19969
556.6	0.23226
556.8	0.27476
557.0	0.32714
557.2	0.38787
557.4	0.4503
557.6	0.49986
557.8	0.51864
558.0	0.50139
558.2	0.45492
558.4	0.39739
558.6	0.3419
558.8	0.29374
559.0	0.25567
559.2	0.22645
559.4	0.20466
559.6	0.1893
559.8	0.17893
560.0	0.173
560.2	0.17084
560.4	0.17286
560.6	0.17871
560.8	0.18907
561.0	0.20473
561.2	0.22664
561.4	0.2565
561.6	0.29664
561.8	0.34864
562.0	0.41458
562.2	0.49217
562.4	0.57428
562.6	0.64365
562.8	0.68208
563.0	0.67732
563.2	0.63546
563.4	0.57505
563.6	0.51188
563.8	0.45636
564.0	0.412
564.2	0.37921
564.4	0.35614
564.6	0.34187
564.8	0.33482
565.0	0.33369
565.2	0.33684
565.4	0.34063
565.6	0.34114
565.8	0.33376
566.0	0.31593
566.2	0.28654
566.4	0.24964
566.6	0.20997
566.8	0.17284
567.0	0.1413
567.2	0.11589
567.4	0.09602
567.6	0.08046
567.8	0.06841
568.0	0.05922
568.2	0.05228
568.4	0.04705
568.6	0.0431
568.8	0.04023
569.0	0.03819
569.2	0.03702
569.4	0.03663
569.6	0.037
569.8	0.0381
570.0	0.04002
570.2	0.04316
570.4	0.04746
570.6	0.05298
570.8	0.0599
571.0	0.06781
571.2	0.07583
571.4	0.08216
571.6	0.08411
571.8	0.0803
572.0	0.07158
572.2	0.06052
572.4	0.04972
572.6	0.04063
572.8	0.03329
573.0	0.02769
573.2	0.02341
573.4	0.02022
573.6	0.01785
573.8	0.0161
574.0	0.01483
574.2	0.01395
574.4	0.0134
574.6	0.01322
574.8	0.01333
575.0	0.01384
575.2	0.01475
575.4	0.01626
575.6	0.01862
575.8	0.02227
576.0	0.02817
576.2	0.03824
576.4	0.05762
576.6	0.10261
576.8	0.2372
577.0	0.562
577.2	0.51305
577.4	0.20085
577.6	0.07936
577.8	0.04097
578.0	0.02502
578.2	0.01692
578.4	0.01229
578.6	0.00935
578.8	0.00736
579.0	0.00602
579.2	0.00504
579.4	0.00431
579.6	0.0037
579.8	0.00325
580.0	0.003
580.2	0.0028
580.4	0.00259
580.6	0.00242
580.8	0.00225
581.0	0.00209
581.2	0.00193
581.4	0.00177
581.6	0.00161
581.8	0.00145
582.0	0.00129
582.2	0.00113
582.4	9.7631e-04
582.6	8.4424e-04
582.8	7.258e-04
583.0	6.1794e-04
583.2	5.269e-04
583.4	4.5269e-04
583.6	3.8857e-04
583.8	3.3887e-04
584.0	2.9459e-04
584.2	2.5523e-04
584.4	2.2581e-04
584.6	1.9986e-04
584.8	1.7936e-04
585.0	1.6601e-04
585.2	1.4965e-04
585.4	1.3954e-04
585.6	1.2994e-04
585.8	1.2004e-04
586.0	1.151e-04
586.2	1.0958e-04
586.4	1.0665e-04
586.6	1.0376e-04
586.8	1.0435e-04
587.0	1.0239e-04
587.2	1.0416e-04
587.4	1.0537e-04
587.6	1.0916e-04
587.8	1.1225e-04
588.0	1.1608e-04
588.2	1.2035e-04
588.4	1.282e-04
588.6	1.3364e-04
588.8	1.3806e-04
589.0	1.429e-04
589.2	1.4256e-04
589.4	1.3907e-04
589.6	1.3176e-04
589.8	1.2154e-04
590.0	1.0794e-04
590.2	9.5548e-05
590.4	8.4577e-05
590.6	7.4866e-05
590.8	6.488e-05
591.0	5.59e-05
591.2	4.8163e-05
591.4	4.1497e-05
591.6	3.5754e-05
591.8	3.0805e-05
592.0	2.6542e-05
592.2	2.2868e-05
592.4	2.0644e-05
592.6	1.8804e-05
592.8	1.7127e-05
593.0	1.56e-05
593.2	1.4209e-05
593.4	1.2942e-05
593.6	1.1788e-05
593.8	1.0736e-05
594.0	1.0357e-05
594.2	1.0059e-05
594.4	9.7693e-06
594.6	9.488e-06
594.8	9.2147e-06
595.0	8.9494e-06
595.2	8.6917e-06
595.4	8.4414e-06
595.6	8.7252e-06
595.8	9.045e-06
596.0	9.3766e-06
596.2	9.7203e-06
596.4	1.0077e-05
596.6	1.0446e-05
596.8	1.0829e-05
597.0	1.1231e-05
597.2	1.201e-05
597.4	1.2843e-05
597.6	1.3734e-05
597.8	1.4686e-05
598.0	1.5704e-05
598.2	1.6793e-05
598.4	1.7958e-05
598.6	1.8967e-05
598.8	1.7201e-05
599.0	1.56e-05
599.2	1.4147e-05
599.4	1.283e-05
599.6	1.1635e-05
599.8	1.0552e-05
600.0	9.5695e-06
600.2	8.8407e-06
600.4	8.1674e-06
600.6	7.5454e-06
600.8	6.9707e-06
601.0	6.4398e-06
601.2	5.9494e-06
601.4	5.4963e-06
601.6	5.0777e-06
601.8	4.691e-06
602.0	4.3337e-06
602.2	4.0293e-06
602.4	3.8248e-06
602.6	3.6307e-06
602.8	3.4465e-06
603.0	3.2716e-06
603.2	3.1055e-06
603.4	2.9479e-06
603.6	2.7983e-06
603.8	2.6563e-06
604.0	2.5215e-06
604.2	2.3936e-06
604.4	2.2721e-06
604.6	2.271e-06
604.8	2.2754e-06
605.0	2.2798e-06
605.2	2.2843e-06
605.4	2.2887e-06
605.6	2.2932e-06
605.8	2.2976e-06
606.0	2.3021e-06
606.2	2.3066e-06
606.4	2.3111e-06
606.6	2.3156e-06
606.8	2.1323e-06
607.0	2.0909e-06
607.2	2.1666e-06
607.4	2.245e-06
607.6	2.3262e-06
607.8	2.4104e-06
608.0	2.4977e-06
608.2	2.5881e-06
608.4	2.6818e-06
608.6	2.7788e-06
608.8	2.8794e-06
609.0	2.9455e-06
609.2	2.9568e-06
609.4	2.9125e-06
609.6	2.8221e-06
609.8	2.7345e-06
610.0	2.6496e-06
610.2	2.5674e-06
610.4	2.4877e-06
610.6	2.4105e-06
610.8	2.3357e-06
611.0	2.2632e-06
611.2	2.193e-06
611.4	2.1249e-06
611.6	2.0589e-06
611.8	1.9967e-06
612.0	1.9386e-06
612.2	1.8822e-06
612.4	1.8274e-06
612.6	1.7742e-06
612.8	1.7226e-06
613.0	1.6724e-06
613.2	1.6237e-06
613.4	1.5765e-06
613.6	1.5306e-06
613.8	1.4861e-06
614.0	1.4428e-06
614.2	1.4039e-06
614.4	1.3724e-06
614.6	1.3417e-06
614.8	1.3116e-06
615.0	1.2823e-06
615.2	1.2535e-06
615.4	1.2255e-06
615.6	1.198e-06
615.8	1.1712e-06
616.0	1.1449e-06
616.2	1.1193e-06
616.4	1.0942e-06
616.6	9.3954e-07
616.8	5.0232e-07
617.0	5.7077e-07
617.2	3.735e-07
617.4	1.9048e-07
617.6	1.7348e-07
617.8	2.7016e-07
618.0	2.3602e-07
618.2	3.9087e-07
618.4	1.9908e-07
618.6	2.1718e-07
618.8	2.3071e-07
619.0	1.8227e-07
619.2	1.4049e-07
619.4	3.3811e-07
619.6	2.462e-07
619.8	2.8421e-07
620.0	1.4813e-07
620.2	1.1717e-07
620.4	1.3581e-07
620.6	1.8886e-07
620.8	2.4072e-07
621.0	1.0849e-07
621.2	1.4165e-07
621.4	1.86e-07
621.6	1.8696e-07
621.8	1.7739e-07
622.0	1.9048e-07
622.2	1.7372e-07
622.4	2.2915e-07
622.6	2.2964e-07
622.8	2.9231e-07
623.0	2.5985e-07
623.2	2.2054e-07
623.4	3.1851e-07
623.6	2.6643e-07
623.8	2.3929e-07
624.0	2.3611e-07
624.2	2.5493e-07
624.4	2.722e-07
624.6	3.0896e-07
624.8	4.8715e-07
625.0	5.3291e-07
625.2	5.7856e-07
625.4	6.4712e-07
625.6	6.241e-07
625.8	5.9881e-07
626.0	6.3355e-07
626.2	6.8321e-07
626.4	6.5419e-07
626.6	7.0823e-07
626.8	8.0715e-07
627.0	7.3482e-07
627.2	6.2154e-07
627.4	5.7287e-07
627.6	5.3827e-07
627.8	4.341e-07
628.0	3.6828e-07
628.2	3.4766e-07
628.4	3.6424e-07
628.6	3.0934e-07
628.8	1.7054e-07
629.0	2.1183e-07
629.2	2.1273e-07
629.4	1.8789e-07
629.6	1.2473e-07
629.8	1.3691e-07
630.0	1.719e-07
630.2	7.4467e-08
630.4	9.1112e-08
630.6	7.3777e-08
630.8	6.6652e-08
631.0	9.414e-08
631.2	6.3292e-08
631.4	1.8639e-08
631.6	1.0703e-08
631.8	4.393e-08
632.0	5.0195e-08
632.2	6.1232e-08
632.4	9.3817e-08
632.6	4.3509e-08
632.8	1.4191e-08
633.0	5.9397e-08
633.2	2.7648e-08
633.4	2.1231e-08
633.6	2.3936e-08
633.8	3.3254e-08
634.0	4.854e-08
634.2	6.0657e-08
634.4	4.3738e-08
634.6	4.9761e-08
634.8	1.0897e-07
635.0	1.6113e-07
635.2	1.2301e-07
635.4	1.2145e-07
635.6	5.9115e-08
635.8	1.573e-07
636.0	2.086e-07
636.2	2.1245e-07
636.4	2.261e-07
636.6	2.8321e-07
636.8	2.3934e-07
637.0	1.4496e-07
637.2	2.9059e-07
637.4	3.2335e-07
637.6	3.1e-07
637.8	2.8176e-07
638.0	2.5284e-07
638.2	2.7569e-07
638.4	2.6509e-07
638.6	1.8558e-07
638.8	1.2781e-07
639.0	9.7106e-08
639.2	7.9651e-08
639.4	6.505e-08
639.6	5.7766e-08
639.8	3.3115e-08
640.0	2.3544e-08
640.2	3.1016e-08
640.4	5.391e-08
640.6	6.8352e-08
640.8	2.2469e-08
641.0	1.2703e-08
641.2	4.587e-08
641.4	9.2337e-08
641.6	9.1687e-08
641.8	3.9965e-08
642.0	1.1128e-08
642.2	1.7753e-08
642.4	3.2571e-08
642.6	4.8944e-08
642.8	1.7667e-08
643.0	1.0404e-08
643.2	1.0395e-08
643.4	1.2027e-08
643.6	5.2241e-08
643.8	1.0422e-08
644.0	1.0409e-08
644.2	1.0403e-08
644.4	2.2557e-08
644.6	5.6781e-08
644.8	4.179e-08
645.0	4.6541e-08
645.2	4.1755e-08
645.4	1.3822e-08
645.6	1.0412e-08
645.8	1.3701e-08
646.0	2.3861e-08
646.2	4.154e-08
646.4	2.195e-08
646.6	4.9713e-08
646.8	3.5509e-08
647.0	3.1324e-08
647.2	2.1141e-08
647.4	1.3356e-08
647.6	4.8294e-08
647.8	6.9706e-08
648.0	9.1102e-08
648.2	6.1131e-08
648.4	2.2387e-08
648.6	1.829e-08
648.8	6.2881e-08
649.0	7.1083e-08
649.2	5.1409e-08
649.4	4.2218e-08
649.6	6.6108e-08
649.8	4.192e-08
650.0	2.4839e-08
650.2	4.1375e-08
650.4	4.9392e-08
650.6	3.0946e-08
650.8	2.988e-08
651.0	1.5091e-08
651.2	1.8648e-08
651.4	2.9054e-08
651.6	1.0411e-08
651.8	1.8144e-08
652.0	4.0073e-08
652.2	1.5319e-08
652.4	1.0185e-08
652.6	1.9123e-08
652.8	5.0874e-08
653.0	5.0923e-08
653.2	1.0235e-07
653.4	1.1756e-07
653.6	9.9033e-08
653.8	9.7809e-08
654.0	8.0549e-08
654.2	5.8363e-08
654.4	1.1788e-07
654.6	9.9615e-08
654.8	5.2969e-08
655.0	5.3385e-08
655.2	2.3925e-08
655.4	1.6406e-08
655.6	3.4225e-08
655.8	1.129e-08
656.0	5.2053e-08
656.2	1.0794e-07
656.4	7.158e-08
656.6	8.9066e-08
656.8	1.6384e-07
657.0	1.861e-07
657.2	1.8551e-07
657.4	2.8845e-07
657.6	3.1615e-07
657.8	3.2976e-07
658.0	4.0477e-07
658.2	4.7405e-07
658.4	4.9938e-07
658.6	4.2432e-07
658.8	4.244e-07
659.0	4.0927e-07
659.2	3.6442e-07
659.4	3.2267e-07
659.6	2.9367e-07
659.8	2.7723e-07
660.0	1.9116e-07
660.2	1.6841e-07
660.4	1.5562e-07
660.6	6.1196e-08
660.8	3.5071e-08
661.0	9.1283e-08
661.2	8.3119e-08
661.4	4.9028e-08
661.6	4.147e-08
661.8	4.9668e-08
662.0	5.3736e-08
662.2	5.1614e-08
662.4	7.1883e-08
662.6	2.3736e-08
662.8	1.2797e-08
663.0	2.6097e-08
663.2	3.6688e-08
663.4	1.321e-08
663.6	1.0528e-08
663.8	1.0498e-08
664.0	1.0497e-08
664.2	3.2223e-08
664.4	2.3675e-08
664.6	1.5602e-08
664.8	2.3414e-08
665.0	1.7734e-08
665.2	9.3616e-08
665.4	7.6423e-08
665.6	2.0997e-08
665.8	2.137e-08
666.0	5.6649e-08
666.2	7.4613e-08
666.4	1.0363e-07
666.6	1.5566e-07
666.8	1.1339e-07
667.0	9.788e-08
667.2	9.3595e-08
667.4	1.0093e-07
667.6	1.236e-07
667.8	1.0218e-07
668.0	9.3919e-08
668.2	1.3952e-07
668.4	1.4999e-07
668.6	1.1164e-07
668.8	8.6319e-08
669.0	1.5785e-07
669.2	1.4597e-07
669.4	2.3042e-07
669.6	1.2057e-07
669.8	1.2323e-07
670.0	1.5672e-07
670.2	1.4663e-07
670.4	9.6206e-08
670.6	5.3297e-08
670.8	6.1656e-08
671.0	1.8421e-08
671.2	2.0676e-08
671.4	2.8177e-08
671.6	1.1271e-08
671.8	1.9007e-08
672.0	1.059e-08
672.2	1.0578e-08
672.4	2.9528e-08
672.6	2.6014e-08
672.8	1.0566e-08
673.0	1.0617e-08
673.2	1.1587e-08
673.4	2.0966e-08
673.6	1.2196e-08
673.8	1.0541e-08
674.0	1.8179e-08
674.2	4.2096e-08
674.4	4.2004e-08
674.6	1.824e-08
674.8	1.0691e-08
675.0	3.092e-08
675.2	1.8756e-08
675.4	1.0459e-08
675.6	1.0446e-08
675.8	1.0448e-08
676.0	1.3384e-08
676.2	3.7826e-08
676.4	1.521e-08
676.6	1.0426e-08
676.8	1.0432e-08
677.0	1.0433e-08
677.2	1.0437e-08
677.4	1.0467e-08
677.6	1.0472e-08
677.8	5.0648e-08
678.0	4.8013e-08
678.2	1.7186e-08
678.4	1.207e-08
678.6	4.3993e-08
678.8	3.8795e-08
679.0	8.4536e-08
679.2	2.4501e-08
679.4	2.131e-08
679.6	5.7215e-08
679.8	7.5007e-08
680.0	1.0003e-07
680.2	7.4492e-08
680.4	9.553e-08
680.6	4.1666e-08
680.8	3.9007e-08
681.0	8.9613e-08
681.2	6.4795e-08
681.4	5.5946e-08
681.6	8.048e-08
681.8	9.6582e-08
682.0	9.1365e-08
682.2	8.2538e-08
682.4	8.3089e-08
682.6	1.3643e-07
682.8	4.6467e-08
683.0	5.4443e-08
683.2	9.2858e-08
683.4	9.6754e-08
683.6	1.091e-07
683.8	1.7344e-07
684.0	1.1334e-07
684.2	1.0797e-07
684.4	1.0617e-07
684.6	1.1919e-07
684.8	1.6118e-07
685.0	1.9655e-07
685.2	1.7446e-07
685.4	1.9274e-07
685.6	2.1081e-07
685.8	2.0776e-07
686.0	1.7578e-07
686.2	1.8148e-07
686.4	1.888e-07
686.6	1.9739e-07
686.8	2.0745e-07
687.0	2.426e-07
687.2	1.1533e-07
687.4	5.4826e-08
687.6	2.6064e-08
687.8	1.239e-08
688.0	6.7302e-09
688.2	6.7105e-09
688.4	6.6907e-09
688.6	6.6711e-09
688.8	6.6515e-09
689.0	6.632e-09
689.2	6.6125e-09
689.4	6.5931e-09
689.6	6.5737e-09
689.8	6.5544e-09
690.0	6.5351e-09
690.2	6.5159e-09
690.4	6.4946e-09
690.6	6.4732e-09
690.8	6.4519e-09
691.0	6.4307e-09
691.2	6.4095e-09
691.4	6.3884e-09
691.6	6.3674e-09
691.8	6.3464e-09
692.0	6.3255e-09
692.2	6.3047e-09
692.4	6.284e-09
692.6	6.2638e-09
692.8	6.2438e-09
693.0	6.2239e-09
693.2	6.2041e-09
693.4	6.1843e-09
693.6	6.1646e-09
693.8	6.145e-09
694.0	6.1254e-09
694.2	6.1059e-09
694.4	6.0864e-09
694.6	6.067e-09
694.8	6.0875e-09
695.0	6.1429e-09
695.2	6.1988e-09
695.4	6.2552e-09
695.6	6.3121e-09
695.8	6.3695e-09
696.0	6.4275e-09
696.2	6.486e-09
696.4	6.545e-09
696.6	6.6045e-09
696.8	6.6646e-09
697.0	6.947e-09
697.2	8.5333e-09
697.4	1.0482e-08
697.6	1.2875e-08
697.8	1.5815e-08
698.0	1.9427e-08
698.2	2.3863e-08
698.4	2.9312e-08
698.6	3.6005e-08
698.8	4.4226e-08
699.0	5.4325e-08
699.2	6.673e-08
699.4	6.0228e-08
699.6	4.822e-08
699.8	3.8607e-08
700.0	3.091e-08
700.2	2.4747e-08
700.4	1.9813e-08
700.6	1.5863e-08
700.8	1.27e-08
701.0	1.0168e-08
701.2	8.1411e-09
701.4	6.518e-09
701.6	5.3291e-09
701.8	5.3212e-09
702.0	5.3132e-09
702.2	5.3053e-09
702.4	5.2974e-09
702.6	5.2895e-09
702.8	5.2816e-09
703.0	5.2737e-09
703.2	5.2658e-09
703.4	5.258e-09
703.6	5.2501e-09
703.8	5.2423e-09
704.0	5.3855e-09
704.2	5.7093e-09
704.4	6.0525e-09
704.6	6.4164e-09
704.8	6.8022e-09
705.0	7.2112e-09
705.2	7.6447e-09
705.4	8.1043e-09
705.6	8.5916e-09
705.8	9.1081e-09
706.0	9.6557e-09
706.2	1.0236e-08
706.4	1.3662e-08
706.6	1.8962e-08
706.8	2.6317e-08
707.0	3.6524e-08
707.2	3.0633e-08
707.4	2.5692e-08
707.6	2.1549e-08
707.8	1.8073e-08
708.0	1.5158e-08
708.2	1.2713e-08
708.4	1.0663e-08
708.6	8.943e-09
708.8	7.5006e-09
709.0	6.2908e-09
709.2	5.2762e-09
709.4	5.5691e-09
709.6	6.3864e-09
709.8	7.3236e-09
710.0	8.3983e-09
710.2	9.6308e-09
710.4	1.1044e-08
710.6	1.2665e-08
710.8	1.4523e-08
711.0	1.6655e-08
711.2	1.9099e-08
711.4	2.1902e-08
711.6	2.4294e-08
711.8	2.1115e-08
712.0	1.8353e-08
712.2	1.5951e-08
712.4	1.3864e-08
712.6	1.205e-08
712.8	1.0473e-08
713.0	9.103e-09
713.2	7.9119e-09
713.4	6.8767e-09
713.6	5.9769e-09
713.8	5.1948e-09
714.0	4.843e-09
714.2	4.8361e-09
714.4	4.8292e-09
714.6	4.8224e-09
714.8	4.8155e-09
715.0	4.8087e-09
715.2	4.8018e-09
715.4	4.795e-09
715.6	4.7882e-09
715.8	4.7814e-09
716.0	4.7746e-09
716.2	4.7678e-09
716.4	4.8689e-09
716.6	4.9853e-09
716.8	5.1045e-09
717.0	5.2265e-09
717.2	6.2762e-09
717.4	7.5367e-09
717.6	9.0503e-09
717.8	1.0868e-08
718.0	1.3051e-08
718.2	1.5672e-08
718.4	1.8819e-08
718.6	2.2598e-08
718.8	2.7137e-08
719.0	3.2587e-08
719.2	3.9132e-08
719.4	4.24e-08
719.6	4.3962e-08
719.8	4.5582e-08
720.0	4.7261e-08
720.2	4.9001e-08
720.4	5.0806e-08
720.6	5.2678e-08
720.8	5.4618e-08
721.0	5.663e-08
721.2	5.8716e-08
721.4	6.0879e-08
721.6	6.1632e-08
721.8	4.9011e-08
722.0	3.8975e-08
722.2	3.0994e-08
722.4	2.4647e-08
722.6	1.96e-08
722.8	1.5587e-08
723.0	1.2395e-08
723.2	9.8569e-09
723.4	7.8385e-09
723.6	6.2334e-09
723.8	4.9569e-09
724.0	4.4022e-09
724.2	4.3959e-09
724.4	4.3896e-09
724.6	4.3834e-09
724.8	4.3771e-09
725.0	4.3709e-09
725.2	4.3647e-09
725.4	4.3584e-09
725.6	4.3522e-09
725.8	4.346e-09
726.0	4.3398e-09
726.2	4.3336e-09
726.4	4.3264e-09
726.6	4.3191e-09
726.8	4.3118e-09
727.0	4.3046e-09
727.2	4.8387e-09
727.4	5.4392e-09
727.6	6.1141e-09
727.8	6.8728e-09
728.0	7.7257e-09
728.2	8.2662e-09
728.4	7.7903e-09
728.6	7.3417e-09
728.8	6.9191e-09
729.0	6.5207e-09
729.2	6.1453e-09
729.4	5.7915e-09
729.6	5.4581e-09
729.8	5.1438e-09
730.0	4.8477e-09
730.2	4.5686e-09
730.4	4.3055e-09
730.6	4.1192e-09
730.8	4.1136e-09
731.0	4.108e-09
731.2	4.1024e-09
731.4	4.0968e-09
731.6	4.0912e-09
731.8	4.0857e-09
732.0	4.0801e-09
732.2	4.0745e-09
732.4	4.069e-09
732.6	4.0634e-09
732.8	4.0579e-09
733.0	4.0526e-09
733.2	4.048e-09
733.4	4.0435e-09
733.6	4.0389e-09
733.8	4.0344e-09
734.0	4.0299e-09
734.2	4.0253e-09
734.4	4.0208e-09
734.6	4.0163e-09
734.8	4.0118e-09
735.0	4.0073e-09
735.2	4.0028e-09
735.4	4.206e-09
735.6	5.1882e-09
735.8	6.3998e-09
736.0	7.8943e-09
736.2	9.7378e-09
736.4	1.2012e-08
736.6	1.4817e-08
736.8	1.8277e-08
737.0	2.2545e-08
737.2	2.781e-08
737.4	3.4305e-08
737.6	4.2316e-08
737.8	5.2198e-08
738.0	6.4388e-08
738.2	6.942e-08
738.4	5.4254e-08
738.6	4.2401e-08
738.8	3.3137e-08
739.0	2.5898e-08
739.2	2.024e-08
739.4	1.5818e-08
739.6	1.2362e-08
739.8	9.6615e-09
740.0	7.5507e-09
740.2	5.9011e-09
740.4	4.6119e-09
740.6	4.1765e-09
740.8	5.4734e-09
741.0	7.1731e-09
741.2	9.4007e-09
741.4	1.232e-08
741.6	1.6146e-08
741.8	2.116e-08
742.0	2.7731e-08
742.2	3.6343e-08
742.4	4.7628e-08
742.6	6.2419e-08
742.8	8.1803e-08
743.0	9.2341e-08
743.2	7.0327e-08
743.4	5.3562e-08
743.6	4.0793e-08
743.8	3.1068e-08
744.0	2.3662e-08
744.2	1.8021e-08
744.4	1.3725e-08
744.6	1.0453e-08
744.8	7.9609e-09
745.0	6.063e-09
745.2	4.6176e-09
745.4	3.7887e-09
745.6	3.783e-09
745.8	3.7773e-09
746.0	3.7716e-09
746.2	3.7659e-09
746.4	3.7602e-09
746.6	3.7546e-09
746.8	3.7489e-09
747.0	3.7433e-09
747.2	3.7376e-09
747.4	3.732e-09
747.6	3.7263e-09
747.8	3.7207e-09
748.0	3.7151e-09
748.2	3.8321e-09
748.4	4.2976e-09
748.6	4.8196e-09
748.8	5.4051e-09
749.0	6.0616e-09
749.2	6.7979e-09
749.4	7.6236e-09
749.6	8.5496e-09
749.8	9.5881e-09
750.0	1.0753e-08
750.2	1.2059e-08
750.4	1.3524e-08
750.6	1.4449e-08
750.8	1.363e-08
751.0	1.2857e-08
751.2	1.2128e-08
751.4	1.144e-08
751.6	1.0792e-08
751.8	1.018e-08
752.0	9.6025e-09
752.2	9.058e-09
752.4	8.5444e-09
752.6	8.06e-09
752.8	7.6029e-09
753.0	7.1668e-09
753.2	6.7434e-09
753.4	6.3449e-09
753.6	5.9701e-09
753.8	5.6174e-09
754.0	5.2855e-09
754.2	4.9732e-09
754.4	4.6794e-09
754.6	4.4029e-09
754.8	4.1428e-09
755.0	3.898e-09
755.2	3.6677e-09
755.4	3.6162e-09
755.6	3.6142e-09
755.8	3.6122e-09
756.0	3.6101e-09
756.2	3.6081e-09
756.4	3.6061e-09
756.6	3.604e-09
756.8	3.602e-09
757.0	3.6e-09
757.2	3.598e-09
757.4	3.5959e-09
757.6	3.5943e-09
757.8	3.5939e-09
758.0	3.5934e-09
758.2	3.593e-09
758.4	3.5925e-09
758.6	3.592e-09
758.8	3.5916e-09
759.0	3.5911e-09
759.2	3.5907e-09
759.4	3.5902e-09
759.6	3.5897e-09
759.8	3.5893e-09
760.0	3.8738e-09
760.2	5.1139e-09
760.4	6.7509e-09
760.6	8.9121e-09
760.8	1.1765e-08
761.0	1.5531e-08
761.2	2.0503e-08
761.4	2.7067e-08
761.6	3.5731e-08
761.8	4.7169e-08
762.0	6.2269e-08
762.2	8.2203e-08
762.4	9.8602e-08
762.6	9.2998e-08
762.8	8.7713e-08
763.0	8.2729e-08
763.2	7.8027e-08
763.4	7.3593e-08
763.6	6.9411e-08
763.8	6.5466e-08
764.0	6.1746e-08
764.2	2.5407e-07
764.4	2.7189e-08
764.6	1.5903e-08
764.8	1.5914e-08
765.0	1.5948e-08
765.2	1.6018e-08
765.4	1.6088e-08
765.6	1.6089e-08
765.8	6.0871e-08
766.0	6.6139e-08
766.2	3.2783e-08
766.4	1.6168e-08
766.6	1.6212e-08
766.8	1.6236e-08
767.0	1.6242e-08
767.2	3.5623e-08
767.4	3.9595e-08
767.6	2.6045e-08
767.8	1.9672e-08
768.0	6.0285e-08
768.2	2.9887e-08
768.4	1.7662e-08
768.6	1.6457e-08
768.8	1.6499e-08
769.0	2.6565e-08
769.2	8.6922e-08
769.4	1.2719e-07
769.6	3.2747e-08
769.8	1.8129e-08
770.0	9.2547e-08
770.2	1.7674e-07
770.4	6.6306e-08
770.6	1.8465e-08
770.8	1.186e-07
771.0	3.4211e-07
771.2	2.9135e-07
771.4	4.8214e-07
771.6	7.9916e-07
771.8	9.9449e-07
772.0	1.5622e-06
772.2	1.4113e-06
772.4	1.7147e-06
772.6	2.1821e-06
772.8	2.7757e-06
773.0	3.5212e-06
773.2	4.4273e-06
773.4	5.6155e-06
773.6	7.7989e-06
773.8	1.0282e-05
774.0	1.315e-05
774.2	1.7517e-05
774.4	2.409e-05
774.6	3.3221e-05
774.8	4.5387e-05
775.0	6.4062e-05
775.2	9.1521e-05
775.4	1.2928e-04
775.6	1.9242e-04
775.8	2.8677e-04
776.0	4.4109e-04
776.2	6.9854e-04
776.4	0.00114
776.6	0.00194
776.8	0.00352
777.0	0.00631
777.2	0.0118
777.4	0.0235
777.6	0.04891
777.8	0.10663
778.0	0.23291
778.2	0.43435
778.4	0.70104
778.6	0.88974
778.8	0.96715
779.0	0.98343
779.2	0.9842
779.4	0.9841
779.6	0.98543
779.8	0.98643
780.0	0.98643
780.2	0.9814
780.4	0.96257
780.6	0.9063
780.8	0.77023
781.0	0.50154
781.2	0.27688
781.4	0.13361
781.6	0.06276
781.8	0.03073
782.0	0.01603
782.2	0.00887
782.4	0.00432
782.6	0.00248
782.8	0.00148
783.0	9.0944e-04
783.2	5.8915e-04
783.4	3.8273e-04
783.6	2.5941e-04
783.8	1.6919e-04
784.0	1.1221e-04
784.2	7.8739e-05
784.4	5.5733e-05
784.6	4.0448e-05
784.8	2.9687e-05
785.0	2.2047e-05
785.2	1.6771e-05
785.4	1.2912e-05
785.6	9.3581e-06
785.8	7.3189e-06
786.0	5.6608e-06
786.2	4.2222e-06
786.4	3.1337e-06
786.6	2.5484e-06
786.8	2.2019e-06
787.0	1.7954e-06
787.2	1.3332e-06
787.4	9.875e-07
787.6	7.5186e-07
787.8	5.9382e-07
788.0	4.8117e-07
788.2	3.7718e-07
788.4	1.9786e-07
788.6	1.8209e-07
788.8	1.8242e-07
789.0	2.2359e-07
789.2	2.5641e-07
789.4	4.1215e-08
789.6	2.0406e-08
789.8	2.0403e-08
790.0	8.1401e-08
790.2	1.9013e-07
790.4	1.0985e-07
790.6	2.0637e-08
790.8	2.0636e-08
791.0	2.0667e-08
791.2	2.0752e-08
791.4	9.454e-08
791.6	6.3195e-08
791.8	2.0906e-08
792.0	2.0961e-08
792.2	2.1063e-08
792.4	2.112e-08
792.6	2.1133e-08
792.8	7.372e-08
793.0	1.038e-07
793.2	5.5259e-08
793.4	2.4147e-08
793.6	5.1584e-08
793.8	4.099e-08
794.0	2.3404e-08
794.2	6.3181e-08
794.4	4.9363e-08
794.6	2.9581e-08
794.8	6.8651e-08
795.0	1.0316e-07
795.2	6.5905e-08
795.4	4.2105e-08
795.6	2.69e-08
795.8	1.7186e-08
796.0	1.0979e-08
796.2	9.8026e-09
796.4	9.8071e-09
796.6	9.8115e-09
796.8	9.816e-09
797.0	9.8205e-09
797.2	9.825e-09
797.4	2.1755e-08
797.6	1.87e-08
797.8	1.6074e-08
798.0	1.3817e-08
798.2	1.1877e-08
798.4	1.0209e-08
798.6	9.8383e-09
798.8	1.3379e-08
799.0	1.8195e-08
799.2	2.4744e-08
799.4	3.3651e-08
799.6	4.5763e-08
799.8	3.1181e-08
800.0	3.81e-08
800.2	4.6553e-08
800.4	5.6882e-08
800.6	6.9502e-08
800.8	8.4923e-08
801.0	4.0176e-08
801.2	3.0746e-08
801.4	2.3529e-08
801.6	1.8006e-08
801.8	1.378e-08
802.0	1.0546e-08
802.2	9.926e-09
802.4	9.9214e-09
802.6	9.9167e-09
802.8	9.9121e-09
803.0	9.9075e-09
803.2	9.9029e-09
803.4	9.9115e-09
803.6	9.9107e-09
803.8	9.9099e-09
804.0	9.9091e-09
804.2	9.9083e-09
804.4	9.9075e-09
804.6	9.9089e-09
804.8	9.9052e-09
805.0	9.9014e-09
805.2	9.8976e-09
805.4	9.8939e-09
805.6	9.8901e-09
805.8	9.8903e-09
806.0	9.8945e-09
806.2	9.8986e-09
806.4	9.9028e-09
806.6	9.9069e-09
806.8	9.9111e-09
807.0	9.8967e-09
807.2	9.9005e-09
807.4	9.9043e-09
807.6	9.9081e-09
807.8	9.9119e-09
808.0	9.9158e-09
808.2	9.9051e-09
808.4	1.2886e-08
808.6	1.6765e-08
808.8	2.1811e-08
809.0	2.8376e-08
809.2	3.6917e-08
809.4	2.1871e-08
809.6	2.6413e-08
809.8	3.1899e-08
810.0	3.8524e-08
810.2	4.6524e-08
810.4	5.6186e-08
810.6	2.9593e-08
810.8	2.4031e-08
811.0	1.9514e-08
811.2	1.5846e-08
811.4	1.2867e-08
811.6	1.0449e-08
811.8	9.9149e-09
812.0	9.9258e-09
812.2	9.9366e-09
812.4	9.9475e-09
812.6	9.9583e-09
812.8	9.9692e-09
813.0	9.9742e-09
813.2	1.4091e-08
813.4	1.9906e-08
813.6	2.8122e-08
813.8	3.9728e-08
814.0	5.6124e-08
814.2	2.8494e-08
814.4	3.5648e-08
814.6	4.4599e-08
814.8	5.5797e-08
815.0	6.9806e-08
815.2	8.7333e-08
815.4	6.5823e-08
815.6	4.6067e-08
815.8	3.2241e-08
816.0	2.2564e-08
816.2	1.5792e-08
816.4	1.1052e-08
816.6	6.1812e-08
816.8	4.3873e-08
817.0	3.114e-08
817.2	2.2103e-08
817.4	1.5688e-08
817.6	1.1135e-08
817.8	1.0321e-08
818.0	1.0321e-08
818.2	1.0321e-08
818.4	1.0322e-08
818.6	1.0322e-08
818.8	1.0322e-08
819.0	1.0314e-08
819.2	1.0336e-08
819.4	1.0358e-08
819.6	1.038e-08
819.8	1.0402e-08
820.0	1.0424e-08
820.2	1.0398e-08
820.4	1.1887e-08
820.6	1.3589e-08
820.8	1.5535e-08
821.0	1.7759e-08
821.2	2.0302e-08
821.4	1.4408e-08
821.6	1.7699e-08
821.8	2.1742e-08
822.0	2.6709e-08
822.2	3.281e-08
822.4	4.0305e-08
822.6	2.2879e-08
822.8	1.976e-08
823.0	1.7067e-08
823.2	1.474e-08
823.4	1.2731e-08
823.6	1.0996e-08
823.8	1.059e-08
824.0	1.3821e-08
824.2	1.8039e-08
824.4	2.3544e-08
824.6	3.0729e-08
824.8	4.0107e-08
825.0	2.909e-08
825.2	2.4017e-08
825.4	1.9829e-08
825.6	1.6371e-08
825.8	1.3517e-08
826.0	1.116e-08
826.2	1.7388e-08
826.4	1.5863e-08
826.6	1.4471e-08
826.8	1.3202e-08
827.0	1.2043e-08
827.2	1.0987e-08
827.4	3.066e-08
827.6	2.508e-08
827.8	2.0516e-08
828.0	1.6783e-08
828.2	1.3729e-08
828.4	1.1231e-08
828.6	3.0339e-08
828.8	2.8446e-08
829.0	2.6671e-08
829.2	2.5007e-08
829.4	2.3447e-08
829.6	2.1984e-08
829.8	3.4568e-08
830.0	2.7654e-08
830.2	2.2123e-08
830.4	1.7699e-08
830.6	1.4159e-08
830.8	1.1327e-08
831.0	1.078e-08
831.2	1.0785e-08
831.4	1.0791e-08
831.6	1.0796e-08
831.8	1.0802e-08
832.0	1.0807e-08
832.2	1.7392e-08
832.4	1.5875e-08
832.6	1.449e-08
832.8	1.3226e-08
833.0	1.2073e-08
833.2	1.102e-08
833.4	1.0794e-08
833.6	1.08e-08
833.8	1.0807e-08
834.0	1.0813e-08
834.2	1.082e-08
834.4	1.0826e-08
834.6	1.0822e-08
834.8	1.082e-08
835.0	1.0818e-08
835.2	1.0816e-08
835.4	1.0814e-08
835.6	1.0812e-08
835.8	1.0783e-08
836.0	1.0791e-08
836.2	1.08e-08
836.4	1.0808e-08
836.6	1.0816e-08
836.8	1.0825e-08
837.0	1.0825e-08
837.2	1.0822e-08
837.4	1.0818e-08
837.6	1.0814e-08
837.8	1.081e-08
838.0	1.0807e-08
838.2	1.0803e-08
838.4	1.4085e-08
838.6	1.8365e-08
838.8	2.3946e-08
839.0	3.1222e-08
839.2	4.0709e-08
839.4	4.3195e-08
839.6	3.3155e-08
839.8	2.5448e-08
840.0	1.9533e-08
840.2	1.4993e-08
840.4	1.1508e-08
840.6	4.3865e-08
840.8	3.3509e-08
841.0	2.5598e-08
841.2	1.9554e-08
841.4	1.4938e-08
841.6	1.1411e-08
841.8	1.0741e-08
842.0	1.0734e-08
842.2	1.0726e-08
842.4	1.0719e-08
842.6	1.0712e-08
842.8	1.0705e-08
843.0	1.0685e-08
843.2	1.0688e-08
843.4	1.0691e-08
843.6	1.0693e-08
843.8	1.0696e-08
844.0	1.0698e-08
844.2	1.0673e-08
844.4	1.2194e-08
844.6	1.3932e-08
844.8	1.5917e-08
845.0	1.8186e-08
845.2	2.0778e-08
845.4	1.4492e-08
845.6	1.2617e-08
845.8	1.0984e-08
846.0	1.0614e-08
846.2	9.6042e-09
846.4	8.6903e-09
846.6	7.8634e-09
846.8	7.1151e-09
847.0	6.4381e-09
847.2	5.8255e-09
847.4	5.2712e-09
847.6	4.7696e-09
847.8	4.3158e-09
848.0	4.1629e-09
848.2	4.1592e-09
848.4	4.1556e-09
848.6	4.1519e-09
848.8	4.1483e-09
849.0	4.1446e-09
849.2	4.141e-09
849.4	4.1373e-09
849.6	4.1337e-09
849.8	4.1301e-09
850.0	4.1264e-09
850.2	4.1258e-09
850.4	4.1252e-09
850.6	4.1247e-09
850.8	4.1242e-09
851.0	4.1236e-09
851.2	4.1231e-09
851.4	4.1225e-09
851.6	4.122e-09
851.8	4.1214e-09
852.0	4.1209e-09
852.2	4.1212e-09
852.4	4.1235e-09
852.6	4.1259e-09
852.8	4.1283e-09
853.0	4.1307e-09
853.2	4.133e-09
853.4	4.1354e-09
853.6	4.1378e-09
853.8	4.1402e-09
854.0	4.1426e-09
854.2	4.145e-09
854.4	4.1411e-09
854.6	4.133e-09
854.8	4.1248e-09
855.0	4.1167e-09
855.2	4.1087e-09
855.4	4.1006e-09
855.6	4.0926e-09
855.8	4.0845e-09
856.0	4.0765e-09
856.2	4.0706e-09
856.4	4.0648e-09
856.6	4.0589e-09
856.8	4.0531e-09
857.0	4.0473e-09
857.2	4.0414e-09
857.4	4.0356e-09
857.6	4.0298e-09
857.8	4.024e-09
858.0	4.0182e-09
858.2	4.0124e-09
858.4	4.0093e-09
858.6	4.0082e-09
858.8	4.0071e-09
859.0	4.006e-09
859.2	4.0049e-09
859.4	4.0038e-09
859.6	4.0026e-09
859.8	4.0015e-09
860.0	4.0004e-09
860.2	3.9993e-09
860.4	3.9982e-09
860.6	3.9971e-09
860.8	3.9958e-09
861.0	3.9945e-09
861.2	3.9933e-09
861.4	3.992e-09
861.6	3.9908e-09
861.8	3.9895e-09
862.0	3.9882e-09
862.2	3.987e-09
862.4	3.9857e-09
862.6	3.9844e-09
862.8	3.9832e-09
863.0	4.1216e-09
863.2	4.3748e-09
863.4	4.6437e-09
863.6	4.929e-09
863.8	5.2319e-09
864.0	5.5534e-09
864.2	5.8946e-09
864.4	6.2568e-09
864.6	6.6413e-09
864.8	7.0494e-09
865.0	7.4825e-09
865.2	8.1037e-09
865.4	1.0899e-08
865.6	1.4659e-08
865.8	1.9716e-08
866.0	2.6517e-08
866.2	2.2402e-08
866.4	1.8926e-08
866.6	1.5989e-08
866.8	1.3508e-08
867.0	1.1411e-08
867.2	9.6406e-09
867.4	8.1445e-09
867.6	6.8806e-09
867.8	5.8129e-09
868.0	4.9108e-09
868.2	4.1487e-09
868.4	3.8462e-09
868.6	3.8415e-09
868.8	3.8368e-09
869.0	3.8321e-09
869.2	3.8274e-09
869.4	3.8227e-09
869.6	3.818e-09
869.8	3.8134e-09
870.0	3.8087e-09
870.2	3.804e-09
870.4	3.7994e-09
870.6	3.8659e-09
870.8	5.2617e-09
871.0	7.1615e-09
871.2	9.7472e-09
871.4	1.3267e-08
871.6	1.8057e-08
871.8	2.4576e-08
872.0	3.345e-08
872.2	4.5527e-08
872.4	6.1965e-08
872.6	8.4338e-08
872.8	1.1479e-07
873.0	1.0945e-07
873.2	8.022e-08
873.4	5.8797e-08
873.6	4.3095e-08
873.8	3.1586e-08
874.0	2.3151e-08
874.2	1.6968e-08
874.4	1.2437e-08
874.6	9.1152e-09
874.8	6.6809e-09
875.0	4.8967e-09
875.2	3.6901e-09
875.4	3.6821e-09
875.6	3.6742e-09
875.8	3.6663e-09
876.0	3.6584e-09
876.2	3.6497e-09
876.4	3.641e-09
876.6	3.6323e-09
876.8	3.6237e-09
877.0	3.6151e-09
877.2	3.6064e-09
877.4	3.5979e-09
877.6	3.5893e-09
877.8	3.5807e-09
878.0	3.5722e-09
878.2	3.5637e-09
878.4	3.5578e-09
878.6	3.5539e-09
878.8	3.55e-09
879.0	3.5461e-09
879.2	3.5421e-09
879.4	3.5382e-09
879.6	3.5343e-09
879.8	3.5304e-09
880.0	3.5265e-09
880.2	3.5227e-09
880.4	3.5188e-09
880.6	3.5436e-09
880.8	3.8949e-09
881.0	4.281e-09
881.2	4.7054e-09
881.4	5.1719e-09
881.6	5.6846e-09
881.8	6.2482e-09
882.0	6.8676e-09
882.2	7.5484e-09
882.4	8.2968e-09
882.6	9.1193e-09
882.8	1.0023e-08
883.0	9.8104e-09
883.2	8.9016e-09
883.4	8.0769e-09
883.6	7.3287e-09
883.8	6.6498e-09
884.0	6.0338e-09
884.2	5.4748e-09
884.4	4.9676e-09
884.6	4.5074e-09
884.8	4.0899e-09
885.0	3.711e-09
885.2	3.7383e-09
885.4	7.5813e-09
885.6	1.5375e-08
885.8	3.118e-08
886.0	6.3233e-08
886.2	7.8914e-08
886.4	9.8485e-08
886.6	1.2291e-07
886.8	1.5339e-07
887.0	1.9143e-07
887.2	2.389e-07
887.4	2.9815e-07
887.6	3.7208e-07
887.8	4.6436e-07
888.0	5.7951e-07
888.2	7.2323e-07
888.4	8.0571e-07
888.6	8.2535e-07
888.8	8.4547e-07
889.0	8.6608e-07
889.2	8.8719e-07
889.4	9.0881e-07
889.6	9.3097e-07
889.8	9.5366e-07
890.0	9.769e-07
890.2	1.0007e-06
890.4	1.0251e-06
890.6	1.0506e-06
890.8	1.081e-06
891.0	1.1122e-06
891.2	1.1444e-06
891.4	1.1776e-06
891.6	1.2116e-06
891.8	1.2467e-06
892.0	1.2828e-06
892.2	1.3199e-06
892.4	1.3581e-06
892.6	1.3974e-06
892.8	1.4378e-06
893.0	1.4539e-06
893.2	1.4548e-06
893.4	1.4557e-06
893.6	1.4566e-06
893.8	1.4575e-06
894.0	1.4584e-06
894.2	1.4594e-06
894.4	1.4603e-06
894.6	1.4612e-06
894.8	1.4621e-06
895.0	1.463e-06
895.2	1.4347e-06
895.4	1.2657e-06
895.6	1.1165e-06
895.8	9.8498e-07
896.0	8.6892e-07
896.2	9.0298e-07
896.4	9.3838e-07
896.6	9.7517e-07
896.8	1.0134e-06
897.0	1.0531e-06
897.2	1.0944e-06
897.4	1.1373e-06
897.6	1.1819e-06
897.8	1.2282e-06
898.0	1.2764e-06
898.2	1.3264e-06
898.4	1.345e-06
898.6	1.3372e-06
898.8	1.3295e-06
899.0	1.3219e-06
899.2	1.3142e-06
899.4	1.3067e-06
899.6	1.2991e-06
899.8	1.2916e-06
900.0	1.2842e-06
900.2	1.2768e-06
900.4	1.2694e-06
900.6	1.2623e-06
900.8	1.2564e-06
901.0	1.2505e-06
901.2	1.2447e-06
901.4	1.2389e-06
901.6	1.2331e-06
901.8	1.2274e-06
902.0	1.2216e-06
902.2	1.2159e-06
902.4	1.2103e-06
902.6	1.2046e-06
902.8	1.199e-06
903.0	1.2024e-06
903.2	1.2113e-06
903.4	1.2202e-06
903.6	1.2291e-06
903.8	1.2382e-06
904.0	1.2473e-06
904.2	1.2565e-06
904.4	1.2657e-06
904.6	1.275e-06
904.8	1.2844e-06
905.0	1.2939e-06
905.2	1.2735e-06
905.4	1.1149e-06
905.6	9.7595e-07
905.8	8.5434e-07
906.0	7.4789e-07
906.2	7.6884e-07
906.4	7.9036e-07
906.6	8.1249e-07
906.8	8.3525e-07
907.0	8.5863e-07
907.2	8.8268e-07
907.4	9.0739e-07
907.6	9.328e-07
907.8	9.5892e-07
908.0	9.8577e-07
908.2	1.0134e-06
908.4	1.0075e-06
908.6	9.7344e-07
908.8	9.4057e-07
909.0	9.0881e-07
909.2	8.7812e-07
909.4	8.4847e-07
909.6	8.1982e-07
909.8	7.9214e-07
910.0	7.6539e-07
910.2	7.3954e-07
910.4	7.1457e-07
910.6	6.8871e-07
910.8	6.4492e-07
911.0	6.0392e-07
911.2	5.6552e-07
911.4	5.2956e-07
911.6	4.9589e-07
911.8	4.6436e-07
912.0	4.3484e-07
912.2	4.0719e-07
912.4	3.813e-07
912.6	3.5706e-07
912.8	3.3436e-07
913.0	3.189e-07
913.2	3.0753e-07
913.4	2.9657e-07
913.6	2.86e-07
913.8	2.758e-07
914.0	2.6597e-07
914.2	2.5649e-07
914.4	2.4735e-07
914.6	2.3853e-07
914.8	2.3003e-07
915.0	2.2183e-07
915.2	2.1335e-07
915.4	2.0257e-07
915.6	1.9234e-07
915.8	1.8262e-07
916.0	1.7339e-07
916.2	1.6174e-07
916.4	1.5088e-07
916.6	1.4074e-07
916.8	1.3129e-07
917.0	1.2247e-07
917.2	1.1485e-07
917.4	1.1704e-07
917.6	1.1927e-07
917.8	1.2154e-07
918.0	1.2385e-07
918.2	1.2621e-07
918.4	1.2862e-07
918.6	1.3106e-07
918.8	1.3356e-07
919.0	1.361e-07
919.2	1.3869e-07
919.4	1.4133e-07
919.6	1.4239e-07
919.8	1.3704e-07
920.0	1.3189e-07
920.2	1.2693e-07
920.4	1.2216e-07
920.6	1.1757e-07
920.8	1.1315e-07
921.0	1.089e-07
921.2	1.048e-07
921.4	1.0086e-07
921.6	9.7073e-08
921.8	9.3425e-08
922.0	8.8615e-08
922.2	8.1713e-08
922.4	7.5349e-08
922.6	6.9481e-08
922.8	6.4069e-08
923.0	5.9079e-08
923.2	5.4478e-08
923.4	5.0235e-08
923.6	4.6323e-08
923.8	4.2715e-08
924.0	3.9388e-08
924.2	3.632e-08
924.4	3.5835e-08
924.6	3.799e-08
924.8	4.0274e-08
925.0	4.2695e-08
925.2	4.5262e-08
925.4	4.7983e-08
925.6	5.0868e-08
925.8	5.3927e-08
926.0	5.7169e-08
926.2	6.0606e-08
926.4	6.425e-08
926.6	6.8113e-08
926.8	7.2208e-08
927.0	7.6549e-08
927.2	8.0878e-08
927.4	7.4922e-08
927.6	6.9404e-08
927.8	6.4293e-08
928.0	5.9558e-08
928.2	5.5172e-08
928.4	5.1109e-08
928.6	4.7345e-08
928.8	4.3858e-08
929.0	4.0628e-08
929.2	3.7636e-08
929.4	3.4864e-08
929.6	3.3708e-08
929.8	4.0155e-08
930.0	4.7837e-08
930.2	5.6987e-08
930.4	6.7888e-08
930.6	8.0874e-08
930.8	9.6343e-08
931.0	1.1477e-07
931.2	1.3673e-07
931.4	1.6288e-07
931.6	1.9404e-07
931.8	2.3115e-07
932.0	2.667e-07
932.2	2.8749e-07
932.4	3.0991e-07
932.6	3.3407e-07
932.8	3.6012e-07
933.0	3.8819e-07
933.2	4.1846e-07
933.4	4.5109e-07
933.6	4.8626e-07
933.8	5.2417e-07
934.0	5.6503e-07
934.2	6.0909e-07
934.4	6.4351e-07
934.6	6.6465e-07
934.8	6.8648e-07
935.0	7.0903e-07
935.2	7.3232e-07
935.4	7.5638e-07
935.6	7.8123e-07
935.8	8.0689e-07
936.0	8.3339e-07
936.2	8.6077e-07
936.4	8.8904e-07
936.6	9.1825e-07
936.8	9.4841e-07
937.0	9.7956e-07
937.2	1.0117e-06
937.4	1.0453e-06
937.6	1.0801e-06
937.8	1.1159e-06
938.0	1.153e-06
938.2	1.1913e-06
938.4	1.2308e-06
938.6	1.2717e-06
938.8	1.3139e-06
939.0	1.3576e-06
939.2	1.4027e-06
939.4	1.4492e-06
939.6	1.4851e-06
939.8	1.4622e-06
940.0	1.4396e-06
940.2	1.4173e-06
940.4	1.3954e-06
940.6	1.3738e-06
940.8	1.3526e-06
941.0	1.3317e-06
941.2	1.3111e-06
941.4	1.2908e-06
941.6	1.2709e-06
941.8	1.2512e-06
942.0	1.2331e-06
942.2	1.2175e-06
942.4	1.2022e-06
942.6	1.187e-06
942.8	1.1721e-06
943.0	1.1573e-06
943.2	1.1427e-06
943.4	1.1283e-06
943.6	1.1141e-06
943.8	1.1e-06
944.0	1.0862e-06
944.2	1.0725e-06
944.4	1.0586e-06
944.6	1.0446e-06
944.8	1.0308e-06
945.0	1.0172e-06
945.2	1.0037e-06
945.4	9.9044e-07
945.6	9.7734e-07
945.8	9.6441e-07
946.0	9.5165e-07
946.2	9.3906e-07
946.4	9.2664e-07
946.6	9.1438e-07
946.8	9.0229e-07
947.0	8.9035e-07
947.2	8.7862e-07
947.4	8.6875e-07
947.6	8.5899e-07
947.8	8.4934e-07
948.0	8.398e-07
948.2	8.3036e-07
948.4	8.2103e-07
948.6	8.1181e-07
948.8	8.0269e-07
949.0	7.9367e-07
949.2	7.8476e-07
949.4	7.7594e-07
949.6	7.6722e-07
949.8	7.6103e-07
950.0	8.02e-07
950.2	8.4518e-07
950.4	8.9069e-07
950.6	9.3865e-07
950.8	9.8919e-07
951.0	1.0424e-06
951.2	1.0986e-06
951.4	1.1577e-06
951.6	1.2201e-06
951.8	1.2857e-06
952.0	1.355e-06
952.2	1.3965e-06
952.4	1.3957e-06
952.6	1.3949e-06
952.8	1.394e-06
953.0	1.3932e-06
953.2	1.3924e-06
953.4	1.3916e-06
953.6	1.3908e-06
953.8	1.39e-06
954.0	1.3892e-06
954.2	1.3884e-06
954.4	1.3876e-06
954.6	1.3894e-06
954.8	1.3919e-06
955.0	1.3944e-06
955.2	1.3969e-06
955.4	1.3995e-06
955.6	1.402e-06
955.8	1.4045e-06
956.0	1.4071e-06
956.2	1.4096e-06
956.4	1.4122e-06
956.6	1.4147e-06
956.8	1.4173e-06
957.0	1.4116e-06
957.2	1.4015e-06
957.4	1.3913e-06
957.6	1.3813e-06
957.8	1.3713e-06
958.0	1.3614e-06
958.2	1.3516e-06
958.4	1.3418e-06
958.6	1.3322e-06
958.8	1.3225e-06
959.0	1.313e-06
959.2	1.3036e-06
959.4	1.2947e-06
959.6	1.2859e-06
959.8	1.2771e-06
960.0	1.2684e-06
960.2	1.2597e-06
960.4	1.2511e-06
960.6	1.2425e-06
960.8	1.234e-06
961.0	1.2256e-06
961.2	1.2632e-06
961.4	1.2855e-06
961.6	1.3083e-06
961.8	1.3315e-06
962.0	1.355e-06
962.2	1.379e-06
962.4	1.3459e-06
962.6	1.3721e-06
962.8	1.3988e-06
963.0	1.426e-06
963.2	1.4538e-06
963.4	1.4821e-06
963.6	1.4492e-06
963.8	1.4507e-06
964.0	1.4523e-06
964.2	1.4538e-06
964.4	1.4553e-06
964.6	1.4569e-06
964.8	1.4635e-06
965.0	1.45e-06
965.2	1.4367e-06
965.4	1.4234e-06
965.6	1.4103e-06
965.8	1.3974e-06
966.0	1.3956e-06
966.2	1.4117e-06
966.4	1.428e-06
966.6	1.4444e-06
966.8	1.4611e-06
967.0	1.4779e-06
967.2	1.4976e-06
967.4	1.4831e-06
967.6	1.4688e-06
967.8	1.4546e-06
968.0	1.4405e-06
968.2	1.4266e-06
968.4	1.4421e-06
968.6	1.4455e-06
968.8	1.449e-06
969.0	1.4525e-06
969.2	1.456e-06
969.4	1.4594e-06
969.6	1.4281e-06
969.8	1.4057e-06
970.0	1.3835e-06
970.2	1.3618e-06
970.4	1.3404e-06
970.6	1.3193e-06
970.8	1.3156e-06
971.0	1.2561e-06
971.2	1.1994e-06
971.4	1.1452e-06
971.6	1.0935e-06
971.8	1.0441e-06
972.0	9.6675e-07
972.2	9.621e-07
972.4	9.5748e-07
972.6	9.5288e-07
972.8	9.483e-07
973.0	9.4374e-07
973.2	8.8102e-07
973.4	8.6616e-07
973.6	8.5156e-07
973.8	8.3719e-07
974.0	8.2307e-07
974.2	8.0919e-07
974.4	7.7041e-07
974.6	7.6499e-07
974.8	7.5962e-07
975.0	7.5428e-07
975.2	7.4898e-07
975.4	7.4371e-07
975.6	5.6338e-07
975.8	5.3307e-07
976.0	5.044e-07
976.2	4.7726e-07
976.4	4.5159e-07
976.6	4.2729e-07
976.8	4.0393e-07
977.0	4.0924e-07
977.2	4.1463e-07
977.4	4.2009e-07
977.6	4.2562e-07
977.8	4.3122e-07
978.0	4.1433e-07
978.2	4.0698e-07
978.4	3.9976e-07
978.6	3.9267e-07
978.8	3.8571e-07
979.0	3.7887e-07
979.2	3.6818e-07
979.4	3.772e-07
979.6	3.8643e-07
979.8	3.9589e-07
980.0	4.0557e-07
980.2	4.155e-07
980.4	3.4958e-07
980.6	3.2029e-07
980.8	2.9345e-07
981.0	2.6886e-07
981.2	2.4633e-07
981.4	2.2569e-07
981.6	1.3907e-07
981.8	1.5253e-07
982.0	1.6729e-07
982.2	1.8348e-07
982.4	2.0124e-07
982.6	2.2071e-07
982.8	2.256e-07
983.0	2.3499e-07
983.2	2.4476e-07
983.4	2.5494e-07
983.6	2.6555e-07
983.8	2.766e-07
984.0	2.4635e-07
984.2	2.4077e-07
984.4	2.353e-07
984.6	2.2997e-07
984.8	2.2475e-07
985.0	2.1965e-07
985.2	9.8456e-08
985.4	1.0969e-07
985.6	1.222e-07
985.8	1.3615e-07
986.0	1.5168e-07
986.2	1.6898e-07
986.4	1.5128e-07
986.6	1.0003e-07
986.8	6.6147e-08
987.0	4.374e-08
987.2	2.8923e-08
987.4	1.9125e-08
987.6	1.3423e-07
987.8	1.0422e-07
988.0	8.0925e-08
988.2	6.2836e-08
988.4	4.879e-08
988.6	3.7884e-08
988.8	1.2909e-07
989.0	1.1617e-07
989.2	1.0455e-07
989.4	9.409e-08
989.6	8.4676e-08
989.8	7.6204e-08
990.0	5.1022e-08
990.2	5.7502e-08
990.4	6.4804e-08
990.6	7.3035e-08
990.8	8.2311e-08
991.0	9.2764e-08
991.2	9.5287e-08
991.4	8.6698e-08
991.6	7.8883e-08
991.8	7.1773e-08
992.0	6.5303e-08
992.2	5.9417e-08
992.4	1.333e-07
992.6	1.2082e-07
992.8	1.0952e-07
993.0	9.9271e-08
993.2	8.9983e-08
993.4	8.1564e-08
993.6	1.4678e-07
993.8	1.3112e-07
994.0	1.1714e-07
994.2	1.0464e-07
994.4	9.3476e-08
994.6	8.3504e-08
994.8	1.2197e-07
995.0	1.1363e-07
995.2	1.0587e-07
995.4	9.863e-08
995.6	9.1889e-08
995.8	8.5608e-08
996.0	1.2537e-07
996.2	1.2615e-07
996.4	1.2693e-07
996.6	1.2772e-07
996.8	1.2852e-07
997.0	1.2931e-07
997.2	1.7089e-07
997.4	1.8313e-07
997.6	1.9624e-07
997.8	2.1028e-07
998.0	2.2534e-07
998.2	2.4147e-07
998.4	2.8895e-07
998.6	2.8147e-07
998.8	2.7419e-07
999.0	2.6709e-07
999.2	2.6018e-07
999.4	2.5344e-07
999.6	3.4178e-07
999.8	3.2387e-07
1000.0	3.0689e-07
1000.2	2.908e-07
1000.4	2.7556e-07
1000.6	2.6111e-07
1000.8	3.1817e-07
1001.0	3.3441e-07
1001.2	3.5148e-07
1001.4	3.6942e-07
1001.6	3.8827e-07
1001.8	4.0809e-07
1002.0	4.7828e-07
1002.2	5.1135e-07
1002.4	5.467e-07
1002.6	5.845e-07
1002.8	6.2491e-07
1003.0	6.6811e-07
1003.2	5.4717e-07
1003.4	5.6029e-07
1003.6	5.7372e-07
1003.8	5.8748e-07
1004.0	6.0157e-07
1004.2	6.1599e-07
1004.4	5.7196e-07
1004.6	5.643e-07
1004.8	5.5674e-07
1005.0	5.4928e-07
1005.2	5.4193e-07
1005.4	5.3467e-07
1005.6	5.1604e-07
1005.8	5.1246e-07
1006.0	5.089e-07
1006.2	5.0537e-07
1006.4	5.0186e-07
1006.6	4.9838e-07
1006.8	5.5291e-07
1007.0	5.2632e-07
1007.2	5.01e-07
1007.4	4.7691e-07
1007.6	4.5397e-07
1007.8	4.3214e-07
1008.0	3.9163e-07
1008.2	3.7135e-07
1008.4	3.5212e-07
1008.6	3.3389e-07
1008.8	3.166e-07
1009.0	3.0021e-07
1009.2	1.9773e-07
1009.4	1.9455e-07
1009.6	1.9143e-07
1009.8	1.8835e-07
1010.0	1.8532e-07
1010.2	1.8235e-07
1010.4	2.024e-07
1010.6	2.0588e-07
1010.8	2.0942e-07
1011.0	2.1302e-07
1011.2	2.1668e-07
1011.4	2.2041e-07
1011.6	9.9274e-08
1011.8	1.0459e-07
1012.0	1.102e-07
1012.2	1.161e-07
1012.4	1.2232e-07
1012.6	1.2887e-07
1012.8	8.6768e-08
1013.0	7.2435e-08
1013.2	6.0469e-08
1013.4	5.048e-08
1013.6	4.2141e-08
1013.8	3.518e-08
1014.0	1.2249e-07
1014.2	1.1011e-07
1014.4	9.8983e-08
1014.6	8.8981e-08
1014.8	7.999e-08
1015.0	7.1907e-08
1015.2	4.7805e-08
1015.4	4.5371e-08
1015.6	4.3062e-08
1015.8	4.087e-08
1016.0	3.8789e-08
1016.2	3.6815e-08
1016.4	3.653e-08
1016.6	4.5412e-08
1016.8	5.6454e-08
1017.0	7.018e-08
1017.2	8.7244e-08
1017.4	1.0846e-07
1017.6	8.8776e-08
1017.8	8.6702e-08
1018.0	8.4677e-08
1018.2	8.27e-08
1018.4	8.0768e-08
1018.6	7.8882e-08
1018.8	7.8519e-08
1019.0	9.7728e-08
1019.2	1.2163e-07
1019.4	1.5139e-07
1019.6	1.8843e-07
1019.8	2.3452e-07
1020.0	1.3594e-07
1020.2	1.0852e-07
1020.4	8.6631e-08
1020.6	6.9158e-08
1020.8	5.5209e-08
1021.0	4.4074e-08
1021.2	4.211e-08
1021.4	4.2528e-08
1021.6	4.295e-08
1021.8	4.3377e-08
1022.0	4.3808e-08
1022.2	4.4242e-08
1022.4	4.4433e-08
1022.6	5.5262e-08
1022.8	6.8731e-08
1023.0	8.5483e-08
1023.2	1.0632e-07
1023.4	1.3223e-07
1023.6	7.764e-08
1023.8	7.0735e-08
1024.0	6.4444e-08
1024.2	5.8712e-08
1024.4	5.3491e-08
1024.6	4.8733e-08
1024.8	1.4061e-07
1025.0	1.4222e-07
1025.2	1.4385e-07
1025.4	1.455e-07
1025.6	1.4716e-07
1025.8	1.4885e-07
1026.0	1.1602e-07
1026.2	9.9355e-08
1026.4	8.5083e-08
1026.6	7.2861e-08
1026.8	6.2395e-08
1027.0	5.3432e-08
1027.2	5.1877e-08
1027.4	6.4595e-08
1027.6	8.0429e-08
1027.8	1.0015e-07
1028.0	1.2469e-07
1028.2	1.5526e-07
1028.4	1.981e-07
1028.6	1.5576e-07
1028.8	1.2247e-07
1029.0	9.6291e-08
1029.2	7.571e-08
1029.4	5.9528e-08
1029.6	5.6953e-08
1029.8	5.7396e-08
1030.0	5.7842e-08
1030.2	5.8291e-08
1030.4	5.8745e-08
1030.6	5.9201e-08
1030.8	5.9487e-08
1031.0	5.9931e-08
1031.2	6.0379e-08
1031.4	6.0829e-08
1031.6	6.1284e-08
1031.8	6.1741e-08
1032.0	6.1882e-08
1032.2	6.242e-08
1032.4	6.2963e-08
1032.6	6.3511e-08
1032.8	6.4063e-08
1033.0	6.4621e-08
1033.2	6.4681e-08
1033.4	6.5196e-08
1033.6	6.5716e-08
1033.8	6.624e-08
1034.0	6.6768e-08
1034.2	6.73e-08
1034.4	1.5333e-07
1034.6	1.3226e-07
1034.8	1.1408e-07
1035.0	9.84e-08
1035.2	8.4875e-08
1035.4	7.3209e-08
1035.6	2.1102e-07
1035.8	1.7281e-07
1036.0	1.4153e-07
1036.2	1.159e-07
1036.4	9.492e-08
1036.6	7.7735e-08
1036.8	1.695e-07
1037.0	1.4597e-07
1037.2	1.2571e-07
1037.4	1.0827e-07
1037.6	9.3239e-08
1037.8	8.0299e-08
1038.0	1.2972e-07
1038.2	1.1907e-07
1038.4	1.0929e-07
1038.6	1.0031e-07
1038.8	9.2073e-08
1039.0	8.4511e-08
1039.2	8.2952e-08
1039.4	8.3843e-08
1039.6	8.4743e-08
1039.8	8.5652e-08
1040.0	8.6571e-08
1040.2	8.75e-08
1040.4	8.7777e-08
1040.6	8.8674e-08
1040.8	8.9581e-08
1041.0	9.0497e-08
1041.2	9.1422e-08
1041.4	9.2357e-08
1041.6	2.7193e-07
1041.8	2.2341e-07
1042.0	1.8355e-07
1042.2	1.508e-07
1042.4	1.2389e-07
1042.6	1.0179e-07
1042.8	9.7842e-08
1043.0	9.8901e-08
1043.2	9.9971e-08
1043.4	1.0105e-07
1043.6	1.0215e-07
1043.8	1.0325e-07
1044.0	4.3682e-07
1044.2	4.7205e-07
1044.4	5.1012e-07
1044.6	5.5126e-07
1044.8	5.9571e-07
1045.0	6.4375e-07
1045.2	2.9314e-07
1045.4	2.4408e-07
1045.6	2.0323e-07
1045.8	1.6922e-07
1046.0	1.409e-07
1046.2	1.1731e-07
1046.4	1.1349e-07
1046.6	1.1416e-07
1046.8	1.1483e-07
1047.0	1.1551e-07
1047.2	1.1619e-07
1047.4	1.1687e-07
1047.6	1.168e-07
1047.8	1.1772e-07
1048.0	1.1864e-07
1048.2	1.1956e-07
1048.4	1.205e-07
1048.6	1.2144e-07
1048.8	1.2128e-07
1049.0	1.2214e-07
1049.2	1.2301e-07
1049.4	1.2389e-07
1049.6	1.2477e-07
1049.8	1.2565e-07
1050.0	1.2549e-07
1050.2	1.4436e-07
1050.4	1.6607e-07
1050.6	1.9104e-07
1050.8	2.1976e-07
1051.0	2.528e-07
1051.2	2.5832e-07
1051.4	2.2801e-07
1051.6	2.0126e-07
1051.8	1.7764e-07
1052.0	1.568e-07
1052.2	1.384e-07
1052.4	1.3443e-07
1052.6	1.3548e-07
1052.8	1.3654e-07
1053.0	1.376e-07
1053.2	1.3868e-07
1053.4	1.3976e-07
1053.6	1.3949e-07
1053.8	1.4046e-07
1054.0	1.4144e-07
1054.2	1.4242e-07
1054.4	1.434e-07
1054.6	1.444e-07
1054.8	1.4411e-07
1055.0	1.4505e-07
1055.2	1.46e-07
1055.4	1.4695e-07
1055.6	1.4791e-07
1055.8	1.4887e-07
1056.0	1.4873e-07
1056.2	1.4994e-07
1056.4	1.5117e-07
1056.6	1.524e-07
1056.8	1.5365e-07
1057.0	1.5491e-07
1057.2	1.547e-07
1057.4	2.3718e-07
1057.6	3.6365e-07
1057.8	5.5755e-07
1058.0	8.5485e-07
1058.2	1.3107e-06
1058.4	6.1317e-07
1058.6	4.7645e-07
1058.8	3.7022e-07
1059.0	2.8767e-07
1059.2	2.2353e-07
1059.4	1.7369e-07
1059.6	1.6467e-07
1059.8	2.0536e-07
1060.0	2.5611e-07
1060.2	3.194e-07
1060.4	3.9834e-07
1060.6	4.9677e-07
1060.8	5.1427e-07
1061.0	5.1882e-07
1061.2	5.2342e-07
1061.4	5.2805e-07
1061.6	5.3273e-07
1061.8	5.3744e-07
1062.0	5.7201e-07
1062.2	5.6875e-07
1062.4	5.6551e-07
1062.6	5.6228e-07
1062.8	5.5907e-07
1063.0	5.5588e-07
1063.2	5.5242e-07
1063.4	5.5713e-07
1063.6	5.6189e-07
1063.8	5.6668e-07
1064.0	5.7152e-07
1064.2	5.7639e-07
1064.4	1.1402e-06
1064.6	1.006e-06
1064.8	8.8764e-07
1065.0	7.8317e-07
1065.2	6.91e-07
1065.4	6.0967e-07
1065.6	5.9078e-07
1065.8	5.9509e-07
1066.0	5.9943e-07
1066.2	6.038e-07
1066.4	6.0821e-07
1066.6	6.1264e-07
1066.8	6.1031e-07
1067.0	6.1676e-07
1067.2	6.2328e-07
1067.4	6.2988e-07
1067.6	6.3654e-07
1067.8	6.4327e-07
1068.0	6.3979e-07
1068.2	8.4304e-07
1068.4	1.1109e-06
1068.6	1.4637e-06
1068.8	1.9287e-06
1069.0	2.5414e-06
1069.2	6.8687e-07
1069.4	6.8775e-07
1069.6	6.8862e-07
1069.8	6.895e-07
1070.0	6.9038e-07
1070.2	6.9126e-07
1070.4	6.8459e-07
1070.6	6.8921e-07
1070.8	6.9386e-07
1071.0	6.9854e-07
1071.2	7.0325e-07
1071.4	7.0799e-07
1071.6	3.4066e-06
1071.8	2.5423e-06
1072.0	1.8973e-06
1072.2	1.4159e-06
1072.4	1.0567e-06
1072.6	7.8859e-07
1072.8	2.128e-06
1073.0	2.2829e-06
1073.2	2.4491e-06
1073.4	2.6274e-06
1073.6	2.8186e-06
1073.8	3.0238e-06
1074.0	7.6132e-07
1074.2	7.6792e-07
1074.4	7.7457e-07
1074.6	7.8129e-07
1074.8	7.8806e-07
1075.0	7.9489e-07
1075.2	7.9126e-07
1075.4	9.1171e-07
1075.6	1.0505e-06
1075.8	1.2104e-06
1076.0	1.3946e-06
1076.2	1.6069e-06
1076.4	8.2204e-07
1076.6	9.4933e-07
1076.8	1.0963e-06
1077.0	1.2661e-06
1077.2	1.4621e-06
1077.4	1.6885e-06
1077.6	8.5689e-07
1077.8	9.8753e-07
1078.0	1.1381e-06
1078.2	1.3116e-06
1078.4	1.5115e-06
1078.6	1.742e-06
1078.8	8.9118e-07
1079.0	1.1734e-06
1079.2	1.545e-06
1079.4	2.0344e-06
1079.6	2.6787e-06
1079.8	3.527e-06
1080.0	1.8063e-06
1080.2	1.1998e-06
1080.4	7.9691e-07
1080.6	5.2933e-07
1080.8	3.5159e-07
1081.0	2.3353e-07
1081.2	1.9165e-07
1081.4	1.6399e-07
1081.6	1.4033e-07
1081.8	1.2007e-07
1082.0	1.0275e-07
1082.2	8.7917e-08
1082.4	7.5229e-08
1082.6	6.4372e-08
1082.8	5.5082e-08
1083.0	4.7133e-08
1083.2	4.0331e-08
1083.4	3.451e-08
1083.6	2.953e-08
1083.8	2.5268e-08
1084.0	2.1621e-08
1084.2	1.8501e-08
1084.4	1.5831e-08
1084.6	1.3546e-08
1084.8	1.1591e-08
1085.0	1.1228e-08
1085.2	1.2778e-08
1085.4	1.4541e-08
1085.6	1.6547e-08
1085.8	1.8831e-08
1086.0	2.1429e-08
1086.2	2.4386e-08
1086.4	2.7751e-08
1086.6	3.1581e-08
1086.8	3.5939e-08
1087.0	4.0898e-08
1087.2	4.6542e-08
1087.4	5.2964e-08
1087.6	6.0272e-08
1087.8	6.859e-08
1088.0	7.8054e-08
1088.2	8.8825e-08
1088.4	1.0108e-07
1088.6	1.1503e-07
1088.8	1.309e-07
1089.0	1.4897e-07
1089.2	1.6952e-07
1089.4	1.9292e-07
1089.6	2.1954e-07
1089.8	2.4983e-07
1090.0	2.6745e-07
1090.2	2.6358e-07
1090.4	2.5977e-07
1090.6	2.5601e-07
1090.8	2.5231e-07
1091.0	2.4866e-07
1091.2	2.4506e-07
1091.4	2.4152e-07
1091.6	2.3803e-07
1091.8	2.3458e-07
1092.0	2.3119e-07
1092.2	2.2785e-07
1092.4	2.2455e-07
1092.6	2.213e-07
1092.8	2.181e-07
1093.0	2.1495e-07
1093.2	2.1184e-07
1093.4	2.0878e-07
1093.6	2.0576e-07
1093.8	2.0278e-07
1094.0	1.9985e-07
1094.2	1.9696e-07
1094.4	1.9411e-07
1094.6	1.913e-07
1094.8	1.8854e-07
1095.0	1.8573e-07
1095.2	1.8286e-07
1095.4	1.8003e-07
1095.6	1.7724e-07
1095.8	1.745e-07
1096.0	1.718e-07
1096.2	1.6914e-07
1096.4	1.6653e-07
1096.6	1.6395e-07
1096.8	1.6142e-07
1097.0	1.5892e-07
1097.2	1.5646e-07
1097.4	1.5404e-07
1097.6	1.5166e-07
1097.8	1.4931e-07
1098.0	1.47e-07
1098.2	1.4473e-07
1098.4	1.4249e-07
1098.6	1.4028e-07
1098.8	1.3811e-07
1099.0	1.3598e-07
1099.2	1.3387e-07
1099.4	1.318e-07
1099.6	1.2976e-07
1099.8	1.2776e-07
1100.0	1.2289e-07
1100.2	1.1461e-07
1100.4	1.0689e-07
1100.6	9.9692e-08
1100.8	9.2977e-08
1101.0	8.6715e-08
1101.2	8.0875e-08
1101.4	7.5428e-08
1101.6	7.0348e-08
1101.8	6.561e-08
1102.0	6.1192e-08
1102.2	5.707e-08
1102.4	5.3227e-08
1102.6	4.9642e-08
1102.8	4.6299e-08
1103.0	4.3181e-08
1103.2	4.0272e-08
1103.4	3.756e-08
1103.6	3.503e-08
1103.8	3.2671e-08
1104.0	3.0471e-08
1104.2	2.8419e-08
1104.4	2.6505e-08
1104.6	2.472e-08
1104.8	2.3055e-08
1105.0	2.3446e-08
1105.2	2.6563e-08
1105.4	3.0095e-08
1105.6	3.4096e-08
1105.8	3.8628e-08
1106.0	4.3764e-08
1106.2	4.9582e-08
1106.4	5.6173e-08
1106.6	6.3641e-08
1106.8	7.2102e-08
1107.0	8.1687e-08
1107.2	9.2547e-08
1107.4	1.0485e-07
1107.6	1.1879e-07
1107.8	1.3458e-07
1108.0	1.5247e-07
1108.2	1.7274e-07
1108.4	1.9571e-07
1108.6	2.2173e-07
1108.8	2.512e-07
1109.0	2.846e-07
1109.2	3.2243e-07
1109.4	3.653e-07
1109.6	4.1386e-07
1109.8	4.6888e-07
1110.0	5.3121e-07
1110.2	6.0183e-07
1110.4	6.8184e-07
1110.6	7.7249e-07
1110.8	8.1826e-07
1111.0	8.5958e-07
1111.2	9.0298e-07
1111.4	9.4857e-07
1111.6	9.9646e-07
1111.8	1.0468e-06
1112.0	1.0996e-06
1112.2	1.1551e-06
1112.4	1.2135e-06
1112.6	1.2747e-06
1112.8	1.3391e-06
1113.0	1.4067e-06
1113.2	1.4777e-06
1113.4	1.5523e-06
1113.6	1.6307e-06
1113.8	1.7131e-06
1114.0	1.7996e-06
1114.2	1.8904e-06
1114.4	1.9859e-06
1114.6	2.0861e-06
1114.8	2.1915e-06
1115.0	2.3021e-06
1115.2	2.09e-06
1115.4	1.8974e-06
1115.6	1.7226e-06
1115.8	1.5639e-06
1116.0	1.4198e-06
1116.2	1.289e-06
1116.4	1.1702e-06
1116.6	1.0624e-06
1116.8	9.6454e-07
1117.0	8.7567e-07
1117.2	9.4597e-07
1117.4	1.0219e-06
1117.6	1.1039e-06
1117.8	1.1926e-06
1118.0	1.2883e-06
1118.2	1.3917e-06
1118.4	1.5034e-06
1118.6	1.6241e-06
1118.8	1.7545e-06
1119.0	1.8953e-06
1119.2	1.9213e-06
1119.4	1.9476e-06
1119.6	1.9743e-06
1119.8	2.0014e-06
1120.0	2.0288e-06
1120.2	2.0566e-06
1120.4	2.0848e-06
1120.6	2.1134e-06
1120.8	2.1423e-06
1121.0	2.1717e-06
1121.2	2.0566e-06
1121.4	1.9476e-06
1121.6	1.8444e-06
1121.8	1.7467e-06
1122.0	1.6541e-06
1122.2	1.5664e-06
1122.4	1.4834e-06
1122.6	1.4048e-06
1122.8	1.3304e-06
1123.0	1.2599e-06
1123.2	1.1721e-06
1123.4	1.0905e-06
1123.6	1.0145e-06
1123.8	9.4386e-07
1124.0	8.7812e-07
1124.2	8.1695e-07
1124.4	7.6005e-07
1124.6	7.0711e-07
1124.8	6.5786e-07
1125.0	6.1203e-07
1125.2	6.4022e-07
1125.4	6.6971e-07
1125.6	7.0055e-07
1125.8	7.3282e-07
1126.0	7.6657e-07
1126.2	8.0187e-07
1126.4	8.388e-07
1126.6	8.7744e-07
1126.8	9.1785e-07
1127.0	9.6012e-07
1127.2	9.1422e-07
1127.4	8.7051e-07
1127.6	8.289e-07
1127.8	7.8927e-07
1128.0	7.5154e-07
1128.2	7.1561e-07
1128.4	6.814e-07
1128.6	6.4882e-07
1128.8	6.178e-07
1129.0	5.8827e-07
1129.2	5.2598e-07
1129.4	4.7029e-07
1129.6	4.205e-07
1129.8	3.7598e-07
1130.0	3.3617e-07
1130.2	3.0057e-07
1130.4	2.6875e-07
1130.6	2.403e-07
1130.8	2.1485e-07
1131.0	1.921e-07
1131.2	2.5631e-07
1131.4	3.4197e-07
1131.6	4.5626e-07
1131.8	6.0875e-07
1132.0	8.1221e-07
1132.2	1.0837e-06
1132.4	1.4458e-06
1132.6	1.9291e-06
1132.8	2.5738e-06
1133.0	3.434e-06
1133.2	3.1736e-06
1133.4	2.9331e-06
1133.6	2.7107e-06
1133.8	2.5052e-06
1134.0	2.3153e-06
1134.2	2.1398e-06
1134.4	1.9776e-06
1134.6	1.8277e-06
1134.8	1.6891e-06
1135.0	1.5611e-06
1135.2	1.5623e-06
1135.4	1.5635e-06
1135.6	1.5647e-06
1135.8	1.5659e-06
1136.0	1.5671e-06
1136.2	1.5683e-06
1136.4	1.5695e-06
1136.6	1.5707e-06
1136.8	1.5719e-06
1137.0	1.5731e-06
1137.2	1.5416e-06
1137.4	1.5108e-06
1137.6	1.4806e-06
1137.8	1.4509e-06
1138.0	1.4219e-06
1138.2	1.3934e-06
1138.4	1.3656e-06
1138.6	1.3382e-06
1138.8	1.3115e-06
1139.0	1.2852e-06
1139.2	1.3174e-06
1139.4	1.3503e-06
1139.6	1.3841e-06
1139.8	1.4187e-06
1140.0	1.4542e-06
1140.2	1.4905e-06
1140.4	1.5278e-06
1140.6	1.566e-06
1140.8	1.6052e-06
1141.0	1.6453e-06
1141.2	1.6501e-06
1141.4	1.6549e-06
1141.6	1.6597e-06
1141.8	1.6645e-06
1142.0	1.6694e-06
1142.2	1.6742e-06
1142.4	1.6791e-06
1142.6	1.684e-06
1142.8	1.6889e-06
1143.0	1.6938e-06
1143.2	1.6523e-06
1143.4	1.6118e-06
1143.6	1.5723e-06
1143.8	1.5337e-06
1144.0	1.4961e-06
1144.2	1.4595e-06
1144.4	1.4237e-06
1144.6	1.3888e-06
1144.8	1.3548e-06
1145.0	1.3216e-06
1145.2	1.3596e-06
1145.4	1.3986e-06
1145.6	1.4388e-06
1145.8	1.4801e-06
1146.0	1.5227e-06
1146.2	1.5664e-06
1146.4	1.6114e-06
1146.6	1.6578e-06
1146.8	1.7054e-06
1147.0	1.7544e-06
1147.2	1.8168e-06
1147.4	1.8813e-06
1147.6	1.9482e-06
1147.8	2.0175e-06
1148.0	2.0892e-06
1148.2	2.1634e-06
1148.4	2.2403e-06
1148.6	2.32e-06
1148.8	2.4024e-06
1149.0	2.4878e-06
1149.2	2.329e-06
1149.4	2.1803e-06
1149.6	2.041e-06
1149.8	1.9107e-06
1150.0	1.7887e-06
1150.2	1.6745e-06
1150.4	1.5676e-06
1150.6	1.4675e-06
1150.8	1.3738e-06
1151.0	1.286e-06
1151.2	1.4349e-06
1151.4	1.6011e-06
1151.6	1.7865e-06
1151.8	1.9933e-06
1152.0	2.2241e-06
1152.2	2.4816e-06
1152.4	2.7689e-06
1152.6	3.0895e-06
1152.8	3.4472e-06
1153.0	3.8463e-06
1153.2	3.9025e-06
1153.4	3.9596e-06
1153.6	4.0175e-06
1153.8	4.0762e-06
1154.0	4.1358e-06
1154.2	4.1963e-06
1154.4	4.2577e-06
1154.6	4.3199e-06
1154.8	4.3831e-06
1155.0	4.4472e-06
1155.2	4.0324e-06
1155.4	3.6564e-06
1155.6	3.3154e-06
1155.8	3.0063e-06
1156.0	2.7259e-06
1156.2	2.4717e-06
1156.4	2.2412e-06
1156.6	2.0322e-06
1156.8	1.8427e-06
1157.0	1.6709e-06
1157.2	1.6216e-06
1157.4	1.5737e-06
1157.6	1.5273e-06
1157.8	1.4822e-06
1158.0	1.4385e-06
1158.2	1.396e-06
1158.4	1.3548e-06
1158.6	1.3148e-06
1158.8	1.276e-06
1159.0	1.2384e-06
1159.2	1.3402e-06
1159.4	1.4505e-06
1159.6	1.5697e-06
1159.8	1.6988e-06
1160.0	1.8385e-06
1160.2	1.9897e-06
1160.4	2.1534e-06
1160.6	2.3305e-06
1160.8	2.5221e-06
1161.0	2.7295e-06
1161.2	2.5588e-06
1161.4	2.3987e-06
1161.6	2.2487e-06
1161.8	2.108e-06
1162.0	1.9762e-06
1162.2	1.8526e-06
1162.4	1.7367e-06
1162.6	1.6281e-06
1162.8	1.5262e-06
1163.0	1.4308e-06
1163.2	1.5775e-06
1163.4	1.7394e-06
1163.6	1.9178e-06
1163.8	2.1146e-06
1164.0	2.3316e-06
1164.2	2.5708e-06
1164.4	2.8345e-06
1164.6	3.1253e-06
1164.8	3.4459e-06
1165.0	3.7995e-06
1165.2	3.0977e-06
1165.4	2.5256e-06
1165.6	2.0591e-06
1165.8	1.6788e-06
1166.0	1.3688e-06
1166.2	1.116e-06
1166.4	9.0985e-07
1166.6	7.4181e-07
1166.8	6.048e-07
1167.0	4.931e-07
1167.2	5.5341e-07
1167.4	6.211e-07
1167.6	6.9707e-07
1167.8	7.8234e-07
1168.0	8.7803e-07
1168.2	9.8542e-07
1168.4	1.106e-06
1168.6	1.2412e-06
1168.8	1.3931e-06
1169.0	1.5635e-06
1169.2	1.5087e-06
1169.4	1.4559e-06
1169.6	1.4049e-06
1169.8	1.3557e-06
1170.0	1.3082e-06
1170.2	1.2624e-06
1170.4	1.2182e-06
1170.6	1.1755e-06
1170.8	1.1343e-06
1171.0	1.0946e-06
1171.2	1.2428e-06
1171.4	1.4111e-06
1171.6	1.6021e-06
1171.8	1.819e-06
1172.0	2.0653e-06
1172.2	2.3449e-06
1172.4	2.6623e-06
1172.6	3.0228e-06
1172.8	3.432e-06
1173.0	3.8966e-06
1173.2	3.7242e-06
1173.4	3.5594e-06
1173.6	3.4018e-06
1173.8	3.2513e-06
1174.0	3.1074e-06
1174.2	2.9698e-06
1174.4	2.8384e-06
1174.6	2.7128e-06
1174.8	2.5927e-06
1175.0	2.478e-06
1175.2	2.379e-06
1175.4	2.2839e-06
1175.6	2.1927e-06
1175.8	2.1051e-06
1176.0	2.021e-06
1176.2	1.9402e-06
1176.4	1.8627e-06
1176.6	1.7883e-06
1176.8	1.7168e-06
1177.0	1.6483e-06
1177.2	1.7185e-06
1177.4	1.7918e-06
1177.6	1.8682e-06
1177.8	1.9479e-06
1178.0	2.0309e-06
1178.2	2.1175e-06
1178.4	2.2078e-06
1178.6	2.3019e-06
1178.8	2.4001e-06
1179.0	2.5024e-06
1179.2	2.2962e-06
1179.4	2.107e-06
1179.6	1.9333e-06
1179.8	1.774e-06
1180.0	1.6278e-06
1180.2	1.4937e-06
1180.4	1.3706e-06
1180.6	1.2577e-06
1180.8	1.154e-06
1181.0	1.0589e-06
1181.2	1.0692e-06
1181.4	1.0797e-06
1181.6	1.0902e-06
1181.8	1.1008e-06
1182.0	1.1115e-06
1182.2	1.1224e-06
1182.4	1.1333e-06
1182.6	1.1443e-06
1182.8	1.1555e-06
1183.0	1.1667e-06
1183.2	1.2032e-06
1183.4	1.2409e-06
1183.6	1.2797e-06
1183.8	1.3197e-06
1184.0	1.361e-06
1184.2	1.4036e-06
1184.4	1.4475e-06
1184.6	1.4928e-06
1184.8	1.5395e-06
1185.0	1.5876e-06
1185.2	1.5457e-06
1185.4	1.5049e-06
1185.6	1.4651e-06
1185.8	1.4264e-06
1186.0	1.3888e-06
1186.2	1.3521e-06
1186.4	1.3164e-06
1186.6	1.2816e-06
1186.8	1.2478e-06
1187.0	1.2148e-06
1187.2	1.3343e-06
1187.4	1.4656e-06
1187.6	1.6097e-06
1187.8	1.768e-06
1188.0	1.9419e-06
1188.2	2.1329e-06
1188.4	2.3427e-06
1188.6	2.5732e-06
1188.8	2.8263e-06
1189.0	3.1042e-06
1189.2	2.7047e-06
1189.4	2.3565e-06
1189.6	2.0532e-06
1189.8	1.7889e-06
1190.0	1.5586e-06
1190.2	1.358e-06
1190.4	1.1832e-06
1190.6	1.0309e-06
1190.8	8.9817e-07
1191.0	7.8256e-07
1191.2	9.0262e-07
1191.4	1.0411e-06
1191.6	1.2009e-06
1191.8	1.3851e-06
1192.0	1.5976e-06
1192.2	1.8427e-06
1192.4	2.1255e-06
1192.6	2.4516e-06
1192.8	2.8277e-06
1193.0	3.2616e-06
1193.2	3.2001e-06
1193.4	3.1398e-06
1193.6	3.0807e-06
1193.8	3.0226e-06
1194.0	2.9657e-06
1194.2	2.9098e-06
1194.4	2.855e-06
1194.6	2.8012e-06
1194.8	2.7484e-06
1195.0	2.6967e-06
1195.2	2.6383e-06
1195.4	2.5812e-06
1195.6	2.5253e-06
1195.8	2.4707e-06
1196.0	2.4172e-06
1196.2	2.3649e-06
1196.4	2.3137e-06
1196.6	2.2636e-06
1196.8	2.2146e-06
1197.0	2.1667e-06
1197.2	2.129e-06
1197.4	2.0919e-06
1197.6	2.0555e-06
1197.8	2.0197e-06
1198.0	1.9846e-06
1198.2	1.95e-06
1198.4	1.9161e-06
1198.6	1.8827e-06
1198.8	1.85e-06
1199.0	1.8178e-06
1199.2	1.9565e-06
1199.4	2.1058e-06
1199.6	2.2665e-06
1199.8	2.4395e-06
1200.0	2.6257e-06
1200.2	2.8261e-06
1200.4	3.0417e-06
1200.6	3.2739e-06
1200.8	3.5237e-06
1201.0	3.7927e-06
1201.2	3.5333e-06
1201.4	3.2916e-06
1201.6	3.0665e-06
1201.8	2.8568e-06
1202.0	2.6614e-06
1202.2	2.4794e-06
1202.4	2.3098e-06
1202.6	2.1518e-06
1202.8	2.0047e-06
1203.0	1.8676e-06
1203.2	1.9799e-06
1203.4	2.0991e-06
1203.6	2.2254e-06
1203.8	2.3593e-06
1204.0	2.5012e-06
1204.2	2.6517e-06
1204.4	2.8113e-06
1204.6	2.9804e-06
1204.8	3.1598e-06
1205.0	3.3499e-06
1205.2	3.5704e-06
1205.4	3.8054e-06
1205.6	4.0559e-06
1205.8	4.3229e-06
1206.0	4.6074e-06
1206.2	4.9107e-06
1206.4	5.2339e-06
1206.6	5.5784e-06
1206.8	5.9456e-06
1207.0	6.3369e-06
1207.2	6.4015e-06
1207.4	6.4666e-06
1207.6	6.5324e-06
1207.8	6.5989e-06
1208.0	6.6661e-06
1208.2	6.734e-06
1208.4	6.8025e-06
1208.6	6.8718e-06
1208.8	6.9417e-06
1209.0	7.0124e-06
1209.2	7.3906e-06
1209.4	7.7893e-06
1209.6	8.2094e-06
1209.8	8.6522e-06
1210.0	9.1189e-06
1210.2	9.6107e-06
1210.4	1.0129e-05
1210.6	1.0675e-05
1210.8	1.1251e-05
1211.0	1.1858e-05
1211.2	1.2359e-05
1211.4	1.2881e-05
1211.6	1.3426e-05
1211.8	1.3993e-05
1212.0	1.4584e-05
1212.2	1.52e-05
1212.4	1.5842e-05
1212.6	1.6512e-05
1212.8	1.7209e-05
1213.0	1.7937e-05
1213.2	1.8445e-05
1213.4	1.8968e-05
1213.6	1.9506e-05
1213.8	2.006e-05
1214.0	2.0629e-05
1214.2	2.1214e-05
1214.4	2.1815e-05
1214.6	2.2434e-05
1214.8	2.3071e-05
1215.0	2.3725e-05
1215.2	2.4646e-05
1215.4	2.5603e-05
1215.6	2.6597e-05
1215.8	2.763e-05
1216.0	2.8666e-05
1216.2	2.8703e-05
1216.4	2.8741e-05
1216.6	2.8779e-05
1216.8	2.8816e-05
1217.0	2.8855e-05
1217.2	2.8916e-05
1217.4	2.8978e-05
1217.6	2.904e-05
1217.8	2.9102e-05
1218.0	2.9163e-05
1218.2	2.913e-05
1218.4	2.9098e-05
1218.6	2.9065e-05
1218.8	2.9033e-05
1219.0	2.9002e-05
1219.2	2.9003e-05
1219.4	2.9004e-05
1219.6	2.9005e-05
1219.8	2.9007e-05
1220.0	2.9009e-05
1220.2	2.9058e-05
1220.4	2.9106e-05
1220.6	2.9155e-05
1220.8	2.9203e-05
1221.0	2.9251e-05
1221.2	2.9233e-05
1221.4	2.9215e-05
1221.6	2.9197e-05
1221.8	2.9179e-05
1222.0	2.9161e-05
1222.2	2.9192e-05
1222.4	2.9224e-05
1222.6	2.9255e-05
1222.8	2.9287e-05
1223.0	2.9315e-05
1223.2	2.928e-05
1223.4	2.9244e-05
1223.6	2.9208e-05
1223.8	2.9173e-05
1224.0	2.914e-05
1224.2	2.9207e-05
1224.4	2.9273e-05
1224.6	2.934e-05
1224.8	2.9407e-05
1225.0	2.9473e-05
1225.2	2.9519e-05
1225.4	2.9564e-05
1225.6	2.9609e-05
1225.8	2.9655e-05
1226.0	2.9699e-05
1226.2	2.9617e-05
1226.4	2.9535e-05
1226.6	2.9453e-05
1226.8	2.9372e-05
1227.0	2.9318e-05
1227.2	2.9919e-05
1227.4	3.0533e-05
1227.6	3.1159e-05
1227.8	3.1798e-05
1228.0	3.2555e-05
1228.2	3.6419e-05
1228.4	4.0742e-05
1228.6	4.5578e-05
1228.8	5.0988e-05
1229.0	5.7033e-05
1229.2	6.3349e-05
1229.4	7.0365e-05
1229.6	7.8158e-05
1229.8	8.6814e-05
1230.0	9.6108e-05
1230.2	8.552e-05
1230.4	7.6098e-05
1230.6	6.7714e-05
1230.8	6.0253e-05
1231.0	5.3883e-05
1231.2	5.3559e-05
1231.4	5.3236e-05
1231.6	5.2916e-05
1231.8	5.2598e-05
1232.0	5.2151e-05
1232.2	4.8715e-05
1232.4	4.5506e-05
1232.6	4.2507e-05
1232.8	3.9707e-05
1233.0	3.7113e-05
1233.2	3.554e-05
1233.4	3.4034e-05
1233.6	3.2591e-05
1233.8	3.1209e-05
1234.0	2.9912e-05
1234.2	2.9894e-05
1234.4	2.9876e-05
1234.6	2.9857e-05
1234.8	2.9839e-05
1235.0	2.9842e-05
1235.2	3.1971e-05
1235.4	3.4251e-05
1235.6	3.6694e-05
1235.8	3.9312e-05
1236.0	4.186e-05
1236.2	3.9162e-05
1236.4	3.6638e-05
1236.6	3.4277e-05
1236.8	3.2067e-05
1237.0	3.0082e-05
1237.2	3.011e-05
1237.4	3.0139e-05
1237.6	3.0167e-05
1237.8	3.0196e-05
1238.0	3.0223e-05
1238.2	3.0209e-05
1238.4	3.0195e-05
1238.6	3.0182e-05
1238.8	3.0168e-05
1239.0	3.0155e-05
1239.2	3.0189e-05
1239.4	3.0223e-05
1239.6	3.0258e-05
1239.8	3.0292e-05
1240.0	3.0326e-05
1240.2	3.0344e-05
1240.4	3.0363e-05
1240.6	3.0381e-05
1240.8	3.0399e-05
1241.0	3.0413e-05
1241.2	3.0332e-05
1241.4	3.0251e-05
1241.6	3.017e-05
1241.8	3.0089e-05
1242.0	3.0015e-05
1242.2	3.008e-05
1242.4	3.0145e-05
1242.6	3.0211e-05
1242.8	3.0277e-05
1243.0	3.0342e-05
1243.2	3.0399e-05
1243.4	3.0455e-05
1243.6	3.0512e-05
1243.8	3.0569e-05
1244.0	3.0625e-05
1244.2	3.0668e-05
1244.4	3.071e-05
1244.6	3.0753e-05
1244.8	3.0795e-05
1245.0	3.0838e-05
1245.2	3.0861e-05
1245.4	3.0883e-05
1245.6	3.0906e-05
1245.8	3.0929e-05
1246.0	3.0949e-05
1246.2	3.09e-05
1246.4	3.0852e-05
1246.6	3.0803e-05
1246.8	3.0755e-05
1247.0	3.0711e-05
1247.2	3.077e-05
1247.4	3.083e-05
1247.6	3.0889e-05
1247.8	3.0949e-05
1248.0	3.1007e-05
1248.2	3.1031e-05
1248.4	3.1054e-05
1248.6	3.1077e-05
1248.8	3.1101e-05
1249.0	3.1123e-05
1249.2	3.1093e-05
1249.4	3.1063e-05
1249.6	3.1032e-05
1249.8	3.1002e-05
1250.0	3.0972e-05
1250.2	3.096e-05
1250.4	3.0948e-05
1250.6	3.0936e-05
1250.8	3.0925e-05
1251.0	3.0913e-05
1251.2	3.0903e-05
1251.4	3.0894e-05
1251.6	3.0885e-05
1251.8	3.0876e-05
1252.0	3.0869e-05
1252.2	3.0928e-05
1252.4	3.0987e-05
1252.6	3.1046e-05
1252.8	3.1105e-05
1253.0	3.1164e-05
1253.2	3.1242e-05
1253.4	3.132e-05
1253.6	3.1399e-05
1253.8	3.1477e-05
1254.0	3.1593e-05
1254.2	3.4282e-05
1254.4	3.72e-05
1254.6	4.0365e-05
1254.8	4.38e-05
1255.0	4.7451e-05
1255.2	4.3745e-05
1255.4	4.0328e-05
1255.6	3.7179e-05
1255.8	3.4275e-05
1256.0	3.1714e-05
1256.2	3.1706e-05
1256.4	3.1698e-05
1256.6	3.169e-05
1256.8	3.1683e-05
1257.0	3.1675e-05
1257.2	3.167e-05
1257.4	3.1666e-05
1257.6	3.1662e-05
1257.8	3.1658e-05
1258.0	3.1654e-05
1258.2	3.1699e-05
1258.4	3.1744e-05
1258.6	3.1788e-05
1258.8	3.1833e-05
1259.0	3.1887e-05
1259.2	3.2557e-05
1259.4	3.324e-05
1259.6	3.3938e-05
1259.8	3.4651e-05
1260.0	3.5396e-05
1260.2	3.9941e-05
1260.4	4.5069e-05
1260.6	5.0855e-05
1260.8	5.7384e-05
1261.0	6.4439e-05
1261.2	6.3307e-05
1261.4	6.2194e-05
1261.6	6.1102e-05
1261.8	6.0028e-05
1262.0	5.9038e-05
1262.2	6.0585e-05
1262.4	6.2172e-05
1262.6	6.3801e-05
1262.8	6.5472e-05
1263.0	6.707e-05
1263.2	5.7805e-05
1263.4	4.9821e-05
1263.6	4.2939e-05
1263.8	3.7007e-05
1264.0	3.2312e-05
1264.2	3.8519e-05
1264.4	4.5918e-05
1264.6	5.4738e-05
1264.8	6.5253e-05
1265.0	7.7566e-05
1265.2	8.409e-05
1265.4	9.1162e-05
1265.6	9.883e-05
1265.8	1.0714e-04
1266.0	1.1597e-04
1266.2	1.1319e-04
1266.4	1.1047e-04
1266.6	1.0782e-04
1266.8	1.0523e-04
1267.0	1.0329e-04
1267.2	1.1434e-04
1267.4	1.2657e-04
1267.6	1.401e-04
1267.8	1.5509e-04
1268.0	1.7047e-04
1268.2	1.5417e-04
1268.4	1.3943e-04
1268.6	1.261e-04
1268.8	1.1405e-04
1269.0	1.0387e-04
1269.2	1.2433e-04
1269.4	1.4883e-04
1269.6	1.7815e-04
1269.8	2.1324e-04
1270.0	2.5464e-04
1270.2	2.5954e-04
1270.4	2.6453e-04
1270.6	2.6963e-04
1270.8	2.7481e-04
1271.0	2.8065e-04
1271.2	3.0027e-04
1271.4	3.2126e-04
1271.6	3.4372e-04
1271.8	3.6775e-04
1272.0	3.929e-04
1272.2	3.9709e-04
1272.4	4.0132e-04
1272.6	4.0559e-04
1272.8	4.0991e-04
1273.0	4.1445e-04
1273.2	4.3691e-04
1273.4	4.6058e-04
1273.6	4.8553e-04
1273.8	5.1184e-04
1274.0	5.3938e-04
1274.2	5.637e-04
1274.4	5.8911e-04
1274.6	6.1567e-04
1274.8	6.4342e-04
1275.0	6.7256e-04
1275.2	7.0829e-04
1275.4	7.4593e-04
1275.6	7.8556e-04
1275.8	8.273e-04
1276.0	8.7118e-04
1276.2	9.0303e-04
1276.4	9.3605e-04
1276.6	9.7027e-04
1276.8	0.00101
1277.0	0.00104
1277.2	0.00111
1277.4	0.00118
1277.6	0.00126
1277.8	0.00134
1278.0	0.00142
1278.2	0.0015
1278.4	0.00157
1278.6	0.00166
1278.8	0.00175
1279.0	0.00184
1279.2	0.00192
1279.4	0.00201
1279.6	0.0021
1279.8	0.00219
1280.0	0.00229
1280.2	0.00243
1280.4	0.00258
1280.6	0.00274
1280.8	0.00291
1281.0	0.00309
1281.2	0.00332
1281.4	0.00357
1281.6	0.00383
1281.8	0.00412
1282.0	0.00443
1282.2	0.00469
1282.4	0.00497
1282.6	0.00527
1282.8	0.00558
1283.0	0.00591
1283.2	0.00623
1283.4	0.00657
1283.6	0.00693
1283.8	0.0073
1284.0	0.0077
1284.2	0.00826
1284.4	0.00886
1284.6	0.00949
1284.8	0.01018
1285.0	0.01091
1285.2	0.01159
1285.4	0.01231
1285.6	0.01307
1285.8	0.01388
1286.0	0.01473
1286.2	0.0154
1286.4	0.0161
1286.6	0.01683
1286.8	0.0176
1287.0	0.0184
1287.2	0.01932
1287.4	0.02029
1287.6	0.0213
1287.8	0.02236
1288.0	0.02348
1288.2	0.02431
1288.4	0.02517
1288.6	0.02606
1288.8	0.02698
1289.0	0.02791
1289.2	0.02811
1289.4	0.02832
1289.6	0.02852
1289.8	0.02873
1290.0	0.02893
1290.2	0.0292
1290.4	0.02947
1290.6	0.02974
1290.8	0.03002
1291.0	0.03029
1291.2	0.03026
1291.4	0.03023
1291.6	0.0302
1291.8	0.03017
1292.0	0.03013
1292.2	0.02962
1292.4	0.02911
1292.6	0.02862
1292.8	0.02813
1293.0	0.02766
1293.2	0.02745
1293.4	0.02725
1293.6	0.02705
1293.8	0.02685
1294.0	0.02665
1294.2	0.02652
1294.4	0.02639
1294.6	0.02626
1294.8	0.02613
1295.0	0.026
1295.2	0.02566
1295.4	0.02532
1295.6	0.02498
1295.8	0.02465
1296.0	0.02434
1296.2	0.02429
1296.4	0.02425
1296.6	0.0242
1296.8	0.02415
1297.0	0.02411
1297.2	0.02406
1297.4	0.02401
1297.6	0.02396
1297.8	0.02391
1298.0	0.02385
1298.2	0.02378
1298.4	0.02371
1298.6	0.02364
1298.8	0.02357
1299.0	0.02351
1299.2	0.02367
1299.4	0.02383
1299.6	0.02399
1299.8	0.02415
1300.0	0.02431
1300.2	0.02446
1300.4	0.02461
1300.6	0.02476
1300.8	0.02491
1301.0	0.02507
1301.2	0.02526
1301.4	0.02545
1301.6	0.02565
1301.8	0.02585
1302.0	0.02605
1302.2	0.02641
1302.4	0.02676
1302.6	0.02713
1302.8	0.02749
1303.0	0.02787
1303.2	0.02831
1303.4	0.02876
1303.6	0.02922
1303.8	0.02969
1304.0	0.03017
1304.2	0.03069
1304.4	0.03122
1304.6	0.03176
1304.8	0.03231
1305.0	0.03287
1305.2	0.03362
1305.4	0.03438
1305.6	0.03516
1305.8	0.03595
1306.0	0.03677
1306.2	0.03767
1306.4	0.0386
1306.6	0.03955
1306.8	0.04052
1307.0	0.04152
1307.2	0.04265
1307.4	0.04381
1307.6	0.04501
1307.8	0.04623
1308.0	0.0475
1308.2	0.04921
1308.4	0.05097
1308.6	0.05281
1308.8	0.05471
1309.0	0.05667
1309.2	0.05851
1309.4	0.06041
1309.6	0.06237
1309.8	0.0644
1310.0	0.06653
1310.2	0.0695
1310.4	0.07261
1310.6	0.07585
1310.8	0.07924
1311.0	0.08278
1311.2	0.08657
1311.4	0.09053
1311.6	0.09468
1311.8	0.09901
1312.0	0.10355
1312.2	0.10872
1312.4	0.11414
1312.6	0.11983
1312.8	0.12581
1313.0	0.13214
1313.2	0.14007
1313.4	0.14848
1313.6	0.15739
1313.8	0.16684
1314.0	0.17685
1314.2	0.18709
1314.4	0.19793
1314.6	0.2094
1314.8	0.22153
1315.0	0.23447
1315.2	0.25104
1315.4	0.26879
1315.6	0.28779
1315.8	0.30813
1316.0	0.32979
1316.2	0.3502
1316.4	0.37186
1316.6	0.39487
1316.8	0.41931
1317.0	0.44524
1317.2	0.4718
1317.4	0.49996
1317.6	0.52979
1317.8	0.56141
1318.0	0.5943
1318.2	0.61171
1318.4	0.62964
1318.6	0.64808
1318.8	0.66707
1319.0	0.6857
1319.2	0.68734
1319.4	0.68898
1319.6	0.69062
1319.8	0.69227
1320.0	0.69346
1320.2	0.67224
1320.4	0.65168
1320.6	0.63174
1320.8	0.61242
1321.0	0.59351
1321.2	0.57057
1321.4	0.54852
1321.6	0.52733
1321.8	0.50695
1322.0	0.48717
1322.2	0.46426
1322.4	0.44243
1322.6	0.42163
1322.8	0.40181
1323.0	0.38297
1323.2	0.36778
1323.4	0.35318
1323.6	0.33917
1323.8	0.32571
1324.0	0.31278
1324.2	0.30026
1324.4	0.28823
1324.6	0.27669
1324.8	0.26561
1325.0	0.2551
1325.2	0.2474
1325.4	0.23994
1325.6	0.23271
1325.8	0.22569
1326.0	0.21888
1326.2	0.2124
1326.4	0.20611
1326.6	0.20001
1326.8	0.19409
1327.0	0.1884
1327.2	0.18452
1327.4	0.18072
1327.6	0.17699
1327.8	0.17335
1328.0	0.16978
1328.2	0.16637
1328.4	0.16302
1328.6	0.15974
1328.8	0.15653
1329.0	0.1534
1329.2	0.15165
1329.4	0.14991
1329.6	0.1482
1329.8	0.1465
1330.0	0.14482
1330.2	0.14277
1330.4	0.14075
1330.6	0.13876
1330.8	0.1368
1331.0	0.13492
1331.2	0.13452
1331.4	0.13411
1331.6	0.13371
1331.8	0.13331
1332.0	0.1329
1332.2	0.13179
1332.4	0.13069
1332.6	0.1296
1332.8	0.12852
1333.0	0.12748
1333.2	0.12772
1333.4	0.12796
1333.6	0.12821
1333.8	0.12845
1334.0	0.12869
1334.2	0.12864
1334.4	0.12859
1334.6	0.12855
1334.8	0.1285
1335.0	0.12845
1335.2	0.12877
1335.4	0.12909
1335.6	0.12942
1335.8	0.12974
1336.0	0.13009
1336.2	0.1317
1336.4	0.13334
1336.6	0.13499
1336.8	0.13667
1337.0	0.13831
1337.2	0.13842
1337.4	0.13853
1337.6	0.13864
1337.8	0.13875
1338.0	0.13899
1338.2	0.14183
1338.4	0.14473
1338.6	0.14769
1338.8	0.15071
1339.0	0.15375
1339.2	0.15423
1339.4	0.1547
1339.6	0.15518
1339.8	0.15565
1340.0	0.15619
1340.2	0.15878
1340.4	0.1614
1340.6	0.16407
1340.8	0.16678
1341.0	0.16956
1341.2	0.17285
1341.4	0.17621
1341.6	0.17964
1341.8	0.18313
1342.0	0.18665
1342.2	0.18791
1342.4	0.18917
1342.6	0.19044
1342.8	0.19171
1343.0	0.19309
1343.2	0.19808
1343.4	0.20319
1343.6	0.20843
1343.8	0.21381
1344.0	0.21919
1344.2	0.22136
1344.4	0.22355
1344.6	0.22576
1344.8	0.22799
1345.0	0.23026
1345.2	0.23367
1345.4	0.23714
1345.6	0.24065
1345.8	0.24422
1346.0	0.24783
1346.2	0.25099
1346.4	0.2542
1346.6	0.25745
1346.8	0.26074
1347.0	0.26387
1347.2	0.26212
1347.4	0.26038
1347.6	0.25866
1347.8	0.25695
1348.0	0.2553
1348.2	0.2588
1348.4	0.26235
1348.6	0.26595
1348.8	0.2696
1349.0	0.27322
1349.2	0.27369
1349.4	0.27416
1349.6	0.27463
1349.8	0.27511
1350.0	0.27541
1350.2	0.27153
1350.4	0.2677
1350.6	0.26393
1350.8	0.26022
1351.0	0.2566
1351.2	0.25573
1351.4	0.25487
1351.6	0.25401
1351.8	0.25316
1352.0	0.25224
1352.2	0.24924
1352.4	0.24627
1352.6	0.24334
1352.8	0.24045
1353.0	0.23761
1353.2	0.23526
1353.4	0.23294
1353.6	0.23064
1353.8	0.22837
1354.0	0.22608
1354.2	0.2213
1354.4	0.21662
1354.6	0.21204
1354.8	0.20756
1355.0	0.20323
1355.2	0.20058
1355.4	0.19797
1355.6	0.19539
1355.8	0.19284
1356.0	0.19032
1356.2	0.1864
1356.4	0.18256
1356.6	0.17881
1356.8	0.17512
1357.0	0.1714
1357.2	0.16332
1357.4	0.15563
1357.6	0.1483
1357.8	0.14131
1358.0	0.13512
1358.2	0.14235
1358.4	0.14996
1358.6	0.15797
1358.8	0.16642
1359.0	0.17515
1359.2	0.16785
1359.4	0.16086
1359.6	0.15416
1359.8	0.14773
1360.0	0.14175
1360.2	0.14146
1360.4	0.14117
1360.6	0.14089
1360.8	0.1406
1361.0	0.1403
1361.2	0.13545
1361.4	0.13077
1361.6	0.12625
1361.8	0.12189
1362.0	0.11782
1362.2	0.11964
1362.4	0.12147
1362.6	0.12334
1362.8	0.12524
1363.0	0.1271
1363.2	0.12746
1363.4	0.12782
1363.6	0.12818
1363.8	0.12855
1364.0	0.12881
1364.2	0.12414
1364.4	0.11963
1364.6	0.1153
1364.8	0.11111
1365.0	0.10731
1365.2	0.10996
1365.4	0.11268
1365.6	0.11546
1365.8	0.11832
1366.0	0.12114
1366.2	0.11766
1366.4	0.11428
1366.6	0.11099
1366.8	0.1078
1367.0	0.10498
1367.2	0.11004
1367.4	0.11533
1367.6	0.12088
1367.8	0.1267
1368.0	0.13272
1368.2	0.13056
1368.4	0.12844
1368.6	0.12635
1368.8	0.12429
1369.0	0.12234
1369.2	0.12256
1369.4	0.12279
1369.6	0.12302
1369.8	0.12325
1370.0	0.12348
1370.2	0.12407
1370.4	0.12467
1370.6	0.12526
1370.8	0.12586
1371.0	0.12647
1371.2	0.12735
1371.4	0.12822
1371.6	0.12911
1371.8	0.13
1372.0	0.1309
1372.2	0.13223
1372.4	0.13358
1372.6	0.13494
1372.8	0.13632
1373.0	0.13772
1373.2	0.13964
1373.4	0.14159
1373.6	0.14356
1373.8	0.14556
1374.0	0.14755
1374.2	0.14667
1374.4	0.1458
1374.6	0.14493
1374.8	0.14407
1375.0	0.14333
1375.2	0.14545
1375.4	0.1476
1375.6	0.14978
1375.8	0.152
1376.0	0.15425
1376.2	0.15668
1376.4	0.15914
1376.6	0.16165
1376.8	0.16419
1377.0	0.16677
1377.2	0.1693
1377.4	0.17187
1377.6	0.17447
1377.8	0.17712
1378.0	0.17979
1378.2	0.18182
1378.4	0.18388
1378.6	0.18596
1378.8	0.18807
1379.0	0.19045
1379.2	0.19764
1379.4	0.2051
1379.6	0.21285
1379.8	0.22089
1380.0	0.22893
1380.2	0.22733
1380.4	0.22575
1380.6	0.22418
1380.8	0.22262
1381.0	0.2212
1381.2	0.2336
1381.4	0.24669
1381.6	0.26052
1381.8	0.27512
1382.0	0.28975
1382.2	0.28589
1382.4	0.28208
1382.6	0.27832
1382.8	0.27461
1383.0	0.27118
1383.2	0.27532
1383.4	0.27952
1383.6	0.28378
1383.8	0.28811
1384.0	0.2925
1384.2	0.29713
1384.4	0.30184
1384.6	0.30661
1384.8	0.31147
1385.0	0.31634
1385.2	0.31982
1385.4	0.32334
1385.6	0.3269
1385.8	0.3305
1386.0	0.33434
1386.2	0.346
1386.4	0.35808
1386.6	0.37057
1386.8	0.3835
1387.0	0.39675
1387.2	0.40148
1387.4	0.40628
1387.6	0.41113
1387.8	0.41603
1388.0	0.4212
1388.2	0.43088
1388.4	0.44078
1388.6	0.4509
1388.8	0.46126
1389.0	0.47176
1389.2	0.4796
1389.4	0.48757
1389.6	0.49567
1389.8	0.50391
1390.0	0.51228
1390.2	0.52076
1390.4	0.52938
1390.6	0.53814
1390.8	0.54705
1391.0	0.55611
1391.2	0.56769
1391.4	0.57951
1391.6	0.59158
1391.8	0.6039
1392.0	0.61601
1392.2	0.61843
1392.4	0.62086
1392.6	0.62329
1392.8	0.62574
1393.0	0.62825
1393.2	0.63273
1393.4	0.63724
1393.6	0.64178
1393.8	0.64636
1394.0	0.65099
1394.2	0.65662
1394.4	0.6623
1394.6	0.66803
1394.8	0.67381
1395.0	0.67955
1395.2	0.68089
1395.4	0.68223
1395.6	0.68358
1395.8	0.68493
1396.0	0.68627
1396.2	0.6851
1396.4	0.68393
1396.6	0.68277
1396.8	0.68161
1397.0	0.68046
1397.2	0.6796
1397.4	0.67875
1397.6	0.67789
1397.8	0.67704
1398.0	0.6763
1398.2	0.67821
1398.4	0.68014
1398.6	0.68206
1398.8	0.684
1399.0	0.68573
1399.2	0.68106
1399.4	0.67643
1399.6	0.67182
1399.8	0.66725
1400.0	0.66261
1400.2	0.65365
1400.4	0.64481
1400.6	0.63608
1400.8	0.62748
1401.0	0.61908
1401.2	0.61519
1401.4	0.61131
1401.6	0.60747
1401.8	0.60364
1402.0	0.59982
1402.2	0.59489
1402.4	0.59
1402.6	0.58515
1402.8	0.58034
1403.0	0.57556
1403.2	0.56997
1403.4	0.56444
1403.6	0.55897
1403.8	0.55354
1404.0	0.54818
1404.2	0.54346
1404.4	0.53878
1404.6	0.53414
1404.8	0.52954
1405.0	0.52498
1405.2	0.52074
1405.4	0.51653
1405.6	0.51235
1405.8	0.50821
1406.0	0.50403
1406.2	0.49515
1406.4	0.48643
1406.6	0.47787
1406.8	0.46945
1407.0	0.46125
1407.2	0.45974
1407.4	0.45823
1407.6	0.45673
1407.8	0.45523
1408.0	0.45364
1408.2	0.44356
1408.4	0.4337
1408.6	0.42405
1408.8	0.41462
1409.0	0.40553
1409.2	0.4094
1409.4	0.4133
1409.6	0.41724
1409.8	0.42122
1410.0	0.4252
1410.2	0.42169
1410.4	0.41821
1410.6	0.41476
1410.8	0.41134
1411.0	0.40796
1411.2	0.40532
1411.4	0.4027
1411.6	0.40009
1411.8	0.39751
1412.0	0.39495
1412.2	0.39291
1412.4	0.39088
1412.6	0.38886
1412.8	0.38686
1413.0	0.3848
1413.2	0.38059
1413.4	0.37642
1413.6	0.3723
1413.8	0.36822
1414.0	0.36427
1414.2	0.36299
1414.4	0.36172
1414.6	0.36046
1414.8	0.35919
1415.0	0.35792
1415.2	0.35622
1415.4	0.35454
1415.6	0.35286
1415.8	0.35119
1416.0	0.34947
1416.2	0.34662
1416.4	0.3438
1416.6	0.341
1416.8	0.33822
1417.0	0.33558
1417.2	0.33519
1417.4	0.3348
1417.6	0.33441
1417.8	0.33401
1418.0	0.33361
1418.2	0.33208
1418.4	0.33056
1418.6	0.32904
1418.8	0.32753
1419.0	0.32608
1419.2	0.32722
1419.4	0.32837
1419.6	0.32951
1419.8	0.33067
1420.0	0.33177
1420.2	0.33026
1420.4	0.32876
1420.6	0.32727
1420.8	0.32578
1421.0	0.32438
1421.2	0.3251
1421.4	0.32582
1421.6	0.32654
1421.8	0.32726
1422.0	0.3279
1422.2	0.32697
1422.4	0.32604
1422.6	0.32511
1422.8	0.32419
1423.0	0.3233
1423.2	0.32391
1423.4	0.32453
1423.6	0.32514
1423.8	0.32576
1424.0	0.32638
1424.2	0.32711
1424.4	0.32783
1424.6	0.32856
1424.8	0.32929
1425.0	0.32998
1425.2	0.32974
1425.4	0.3295
1425.6	0.32927
1425.8	0.32903
1426.0	0.3288
1426.2	0.32951
1426.4	0.33021
1426.6	0.33092
1426.8	0.33163
1427.0	0.33234
1427.2	0.3328
1427.4	0.33325
1427.6	0.33371
1427.8	0.33417
1428.0	0.33465
1428.2	0.33558
1428.4	0.33652
1428.6	0.33746
1428.8	0.3384
1429.0	0.33933
1429.2	0.33995
1429.4	0.34057
1429.6	0.3412
1429.8	0.34182
1430.0	0.34246
1430.2	0.34376
1430.4	0.34507
1430.6	0.34638
1430.8	0.3477
1431.0	0.34898
1431.2	0.34918
1431.4	0.34938
1431.6	0.34958
1431.8	0.34977
1432.0	0.34998
1432.2	0.3511
1432.4	0.35222
1432.6	0.35335
1432.8	0.35448
1433.0	0.35561
1433.2	0.35656
1433.4	0.35751
1433.6	0.35847
1433.8	0.35942
1434.0	0.36041
1434.2	0.36185
1434.4	0.3633
1434.6	0.36476
1434.8	0.36622
1435.0	0.36768
1435.2	0.36869
1435.4	0.36969
1435.6	0.3707
1435.8	0.37171
1436.0	0.37268
1436.2	0.37247
1436.4	0.37226
1436.6	0.37205
1436.8	0.37184
1437.0	0.37167
1437.2	0.37414
1437.4	0.37662
1437.6	0.37911
1437.8	0.38163
1438.0	0.38411
1438.2	0.38485
1438.4	0.3856
1438.6	0.38636
1438.8	0.38711
1439.0	0.38787
1439.2	0.38889
1439.4	0.38992
1439.6	0.39096
1439.8	0.39199
1440.0	0.39303
1440.2	0.39387
1440.4	0.39471
1440.6	0.39555
1440.8	0.39639
1441.0	0.39724
1441.2	0.39841
1441.4	0.39958
1441.6	0.40075
1441.8	0.40193
1442.0	0.40309
1442.2	0.40354
1442.4	0.404
1442.6	0.40445
1442.8	0.40491
1443.0	0.40536
1443.2	0.40621
1443.4	0.40705
1443.6	0.40789
1443.8	0.40874
1444.0	0.40955
1444.2	0.40919
1444.4	0.40883
1444.6	0.40847
1444.8	0.40811
1445.0	0.40777
1445.2	0.40903
1445.4	0.4103
1445.6	0.41157
1445.8	0.41285
1446.0	0.41411
1446.2	0.41493
1446.4	0.41576
1446.6	0.41659
1446.8	0.41741
1447.0	0.41824
1447.2	0.4185
1447.4	0.41876
1447.6	0.41902
1447.8	0.41928
1448.0	0.41956
1448.2	0.42044
1448.4	0.42133
1448.6	0.42222
1448.8	0.42311
1449.0	0.42396
1449.2	0.42315
1449.4	0.42233
1449.6	0.42152
1449.8	0.42071
1450.0	0.41998
1450.2	0.42118
1450.4	0.42239
1450.6	0.42359
1450.8	0.4248
1451.0	0.42601
1451.2	0.42688
1451.4	0.42775
1451.6	0.42862
1451.8	0.42949
1452.0	0.43036
1452.2	0.43097
1452.4	0.43158
1452.6	0.43219
1452.8	0.4328
1453.0	0.43343
1453.2	0.43478
1453.4	0.43613
1453.6	0.43749
1453.8	0.43885
1454.0	0.44022
1454.2	0.4417
1454.4	0.44319
1454.6	0.44469
1454.8	0.44619
1455.0	0.4477
1455.2	0.44928
1455.4	0.45087
1455.6	0.45246
1455.8	0.45406
1456.0	0.45569
1456.2	0.45802
1456.4	0.46037
1456.6	0.46273
1456.8	0.4651
1457.0	0.46748
1457.2	0.46902
1457.4	0.47056
1457.6	0.47211
1457.8	0.47366
1458.0	0.47523
1458.2	0.47718
1458.4	0.47912
1458.6	0.48108
1458.8	0.48304
1459.0	0.48502
1459.2	0.48722
1459.4	0.48943
1459.6	0.49166
1459.8	0.49389
1460.0	0.49614
1460.2	0.49855
1460.4	0.50097
1460.6	0.50341
1460.8	0.50586
1461.0	0.50833
1461.2	0.51139
1461.4	0.51446
1461.6	0.51756
1461.8	0.52067
1462.0	0.52381
1462.2	0.52761
1462.4	0.53144
1462.6	0.5353
1462.8	0.53918
1463.0	0.54311
1463.2	0.54735
1463.4	0.55163
1463.6	0.55594
1463.8	0.56028
1464.0	0.56467
1464.2	0.56938
1464.4	0.57414
1464.6	0.57894
1464.8	0.58378
1465.0	0.58865
1465.2	0.59318
1465.4	0.59774
1465.6	0.60233
1465.8	0.60696
1466.0	0.61164
1466.2	0.61658
1466.4	0.62156
1466.6	0.62658
1466.8	0.63164
1467.0	0.63674
1467.2	0.64189
1467.4	0.64707
1467.6	0.6523
1467.8	0.65757
1468.0	0.66289
1468.2	0.66903
1468.4	0.67522
1468.6	0.68147
1468.8	0.68778
1469.0	0.69416
1469.2	0.7008
1469.4	0.7075
1469.6	0.71426
1469.8	0.72109
1470.0	0.72796
1470.2	0.73367
1470.4	0.73943
1470.6	0.74523
1470.8	0.75108
1471.0	0.75698
1471.2	0.7631
1471.4	0.76926
1471.6	0.77548
1471.8	0.78175
1472.0	0.78803
1472.2	0.79365
1472.4	0.79932
1472.6	0.80502
1472.8	0.81076
1473.0	0.81654
1473.2	0.82196
1473.4	0.82743
1473.6	0.83293
1473.8	0.83846
1474.0	0.84404
1474.2	0.84948
1474.4	0.85497
1474.6	0.86049
1474.8	0.86604
1475.0	0.87158
1475.2	0.87559
1475.4	0.87963
1475.6	0.88369
1475.8	0.88776
1476.0	0.89182
1476.2	0.89453
1476.4	0.89725
1476.6	0.89998
1476.8	0.90272
1477.0	0.90545
1477.2	0.90628
1477.4	0.90712
1477.6	0.90796
1477.8	0.9088
1478.0	0.90962
1478.2	0.90993
1478.4	0.91024
1478.6	0.91056
1478.8	0.91087
1479.0	0.91116
1479.2	0.91044
1479.4	0.90973
1479.6	0.90901
1479.8	0.9083
1480.0	0.90756
1480.2	0.9042
1480.4	0.90085
1480.6	0.89752
1480.8	0.8942
1481.0	0.89086
1481.2	0.88664
1481.4	0.88244
1481.6	0.87826
1481.8	0.8741
1482.0	0.86995
1482.2	0.86541
1482.4	0.86089
1482.6	0.8564
1482.8	0.85193
1483.0	0.84746
1483.2	0.84273
1483.4	0.83802
1483.6	0.83334
1483.8	0.82869
1484.0	0.82402
1484.2	0.81828
1484.4	0.81258
1484.6	0.80691
1484.8	0.80128
1485.0	0.79566
1485.2	0.78776
1485.4	0.77993
1485.6	0.77219
1485.8	0.76452
1486.0	0.75702
1486.2	0.75186
1486.4	0.74675
1486.6	0.74166
1486.8	0.73661
1487.0	0.73158
1487.2	0.72581
1487.4	0.72009
1487.6	0.71441
1487.8	0.70878
1488.0	0.70319
1488.2	0.69755
1488.4	0.69196
1488.6	0.68641
1488.8	0.68091
1489.0	0.67541
1489.2	0.66903
1489.4	0.66271
1489.6	0.65645
1489.8	0.65025
1490.0	0.64412
1490.2	0.63876
1490.4	0.63345
1490.6	0.62818
1490.8	0.62296
1491.0	0.61784
1491.2	0.61394
1491.4	0.61007
1491.6	0.60622
1491.8	0.60239
1492.0	0.59859
1492.2	0.59491
1492.4	0.59126
1492.6	0.58762
1492.8	0.58401
1493.0	0.58042
1493.2	0.5759
1493.4	0.57143
1493.6	0.56699
1493.8	0.56258
1494.0	0.55824
1494.2	0.55477
1494.4	0.55133
1494.6	0.54791
1494.8	0.54451
1495.0	0.54115
1495.2	0.53892
1495.4	0.5367
1495.6	0.53449
1495.8	0.53228
1496.0	0.5301
1496.2	0.52813
1496.4	0.52617
1496.6	0.52421
1496.8	0.52226
1497.0	0.52031
1497.2	0.5177
1497.4	0.51511
1497.6	0.51253
1497.8	0.50996
1498.0	0.50745
1498.2	0.50563
1498.4	0.50382
1498.6	0.50202
1498.8	0.50022
1499.0	0.49847
1499.2	0.498
1499.4	0.49753
1499.6	0.49706
1499.8	0.4966
1500.0	0.49613
